{
  "parameters": {
    "batch_size": 1,
    "measure": 200,
    "warmup": 50
  },
  "results": {
    "router": {
      "mean_ms": 80.52756150063942,
      "median_ms": 80.26100001006853,
      "n": 200,
      "p25_ms": 79.54602500103647,
      "p75_ms": 81.44827500655083
    },
    "config_a": {
      "mean_ms": 15.855467499641236,
      "median_ms": 14.839800001936965,
      "n": 200,
      "p25_ms": 13.309500012837816,
      "p75_ms": 18.543124991992954
    },
    "config_b": {
      "mean_ms": 21.156572998588672,
      "median_ms": 21.58899999631103,
      "n": 200,
      "p25_ms": 17.49587501399219,
      "p75_ms": 23.68497498537181
    },
    "default_dncnn": {
      "mean_ms": 15.222227499907603,
      "median_ms": 15.075399991474114,
      "n": 200,
      "p25_ms": 14.636899984907359,
      "p75_ms": 15.610324997396674
    },
    "oracle_eval": {
      "mean_ms": 183.22123899983126,
      "median_ms": 182.9291499889223,
      "n": 200,
      "p25_ms": 180.30765000003157,
      "p75_ms": 186.63022499822546
    }
  },
  "schema_version": 1
}
