{
  "corruption": "pixelate",
  "feature_names": [
    "hfer_input",
    "m_comm",
    "band_low",
    "band_mid",
    "band_high",
    "comm_band_low",
    "comm_band_mid",
    "comm_band_high",
    "hfer_jpeg20_residual",
    "hfer_dncnn_residual",
    "identity_top1_prob",
    "identity_margin",
    "identity_entropy",
    "dncnn_top1_prob",
    "dncnn_margin",
    "dncnn_entropy",
    "jpeg20_top1_prob",
    "jpeg20_margin",
    "jpeg20_entropy"
  ],
  "image_index_max": 6999,
  "image_index_min": 2000,
  "mean": {
    "band_high": 0.018498914316296577,
    "band_low": 0.956771194934845,
    "band_mid": 0.024729227647185326,
    "comm_band_high": 0.21618980169296265,
    "comm_band_low": 0.44671064615249634,
    "comm_band_mid": 0.33709967136383057,
    "dncnn_entropy": 0.7040396928787231,
    "dncnn_margin": 0.20485036075115204,
    "dncnn_top1_prob": 0.26727238297462463,
    "hfer_dncnn_residual": 0.40103939175605774,
    "hfer_input": 0.025587983429431915,
    "hfer_jpeg20_residual": 0.5433088541030884,
    "identity_entropy": 0.7038984894752502,
    "identity_margin": 0.20436277985572815,
    "identity_top1_prob": 0.2668376863002777,
    "jpeg20_entropy": 0.6867496371269226,
    "jpeg20_margin": 0.2307787537574768,
    "jpeg20_top1_prob": 0.29331937432289124,
    "m_comm": 0.00541020929813385
  },
  "n_rows": 5000,
  "npy": "github_package\\data\\derived_imagenetc_features\\features_pixelate_3_validation.npy",
  "severity": 3,
  "split": "validation",
  "std": {
    "band_high": 0.010670053772628307,
    "band_low": 0.027812302112579346,
    "band_mid": 0.017533844336867332,
    "comm_band_high": 0.09402920305728912,
    "comm_band_low": 0.11260843276977539,
    "comm_band_mid": 0.06919865310192108,
    "dncnn_entropy": 0.1477838009595871,
    "dncnn_margin": 0.20233726501464844,
    "dncnn_top1_prob": 0.18898697197437286,
    "hfer_dncnn_residual": 0.07495734095573425,
    "hfer_input": 0.015483724884688854,
    "hfer_jpeg20_residual": 0.10805990546941757,
    "identity_entropy": 0.14804188907146454,
    "identity_margin": 0.20267824828624725,
    "identity_top1_prob": 0.18930944800376892,
    "jpeg20_entropy": 0.1473976969718933,
    "jpeg20_margin": 0.2081342190504074,
    "jpeg20_top1_prob": 0.19065974652767181,
    "m_comm": 0.0018029761267825961
  }
}