{
  "corruption": "jpeg_compression",
  "feature_names": [
    "hfer_input",
    "m_comm",
    "band_low",
    "band_mid",
    "band_high",
    "comm_band_low",
    "comm_band_mid",
    "comm_band_high",
    "hfer_jpeg20_residual",
    "hfer_dncnn_residual",
    "identity_top1_prob",
    "identity_margin",
    "identity_entropy",
    "dncnn_top1_prob",
    "dncnn_margin",
    "dncnn_entropy",
    "jpeg20_top1_prob",
    "jpeg20_margin",
    "jpeg20_entropy"
  ],
  "image_index_max": 1999,
  "image_index_min": 0,
  "mean": {
    "band_high": 0.011317433789372444,
    "band_low": 0.9446057677268982,
    "band_mid": 0.04407825693488121,
    "comm_band_high": 0.11634644120931625,
    "comm_band_low": 0.6110964417457581,
    "comm_band_mid": 0.27255696058273315,
    "dncnn_entropy": 0.6665281057357788,
    "dncnn_margin": 0.26873257756233215,
    "dncnn_top1_prob": 0.329773873090744,
    "hfer_dncnn_residual": 0.30311545729637146,
    "hfer_input": 0.01945815421640873,
    "hfer_jpeg20_residual": 0.20788295567035675,
    "identity_entropy": 0.6673157215118408,
    "identity_margin": 0.2668408453464508,
    "identity_top1_prob": 0.32808345556259155,
    "jpeg20_entropy": 0.6692986488342285,
    "jpeg20_margin": 0.26199057698249817,
    "jpeg20_top1_prob": 0.32350918650627136,
    "m_comm": 0.002925141714513302
  },
  "n_rows": 2000,
  "npy": "github_package\\data\\derived_imagenetc_features\\features_jpeg_compression_3_search.npy",
  "severity": 3,
  "split": "search",
  "std": {
    "band_high": 0.010438540019094944,
    "band_low": 0.045633722096681595,
    "band_mid": 0.03654743731021881,
    "comm_band_high": 0.035963334143161774,
    "comm_band_low": 0.0999559685587883,
    "comm_band_mid": 0.0683414563536644,
    "dncnn_entropy": 0.15154682099819183,
    "dncnn_margin": 0.21477968990802765,
    "dncnn_top1_prob": 0.1925857812166214,
    "hfer_dncnn_residual": 0.04148433730006218,
    "hfer_input": 0.01797568053007126,
    "hfer_jpeg20_residual": 0.08410994708538055,
    "identity_entropy": 0.1518479436635971,
    "identity_margin": 0.21517883241176605,
    "identity_top1_prob": 0.19306127727031708,
    "jpeg20_entropy": 0.1518218219280243,
    "jpeg20_margin": 0.2159261703491211,
    "jpeg20_top1_prob": 0.19400270283222198,
    "m_comm": 0.0012544150231406093
  }
}