{
  "corruption": "jpeg_compression",
  "feature_names": [
    "hfer_input",
    "m_comm",
    "band_low",
    "band_mid",
    "band_high",
    "comm_band_low",
    "comm_band_mid",
    "comm_band_high",
    "hfer_jpeg20_residual",
    "hfer_dncnn_residual",
    "identity_top1_prob",
    "identity_margin",
    "identity_entropy",
    "dncnn_top1_prob",
    "dncnn_margin",
    "dncnn_entropy",
    "jpeg20_top1_prob",
    "jpeg20_margin",
    "jpeg20_entropy"
  ],
  "image_index_max": 6999,
  "image_index_min": 2000,
  "mean": {
    "band_high": 0.011730502359569073,
    "band_low": 0.9445719718933105,
    "band_mid": 0.04369986429810524,
    "comm_band_high": 0.11286222189664841,
    "comm_band_low": 0.6577752828598022,
    "comm_band_mid": 0.22936205565929413,
    "dncnn_entropy": 0.6609521508216858,
    "dncnn_margin": 0.2765572965145111,
    "dncnn_top1_prob": 0.33769434690475464,
    "hfer_dncnn_residual": 0.33393052220344543,
    "hfer_input": 0.02014111541211605,
    "hfer_jpeg20_residual": 0.15058839321136475,
    "identity_entropy": 0.6614115238189697,
    "identity_margin": 0.27450859546661377,
    "identity_top1_prob": 0.3361155390739441,
    "jpeg20_entropy": 0.6607272624969482,
    "jpeg20_margin": 0.2744657099246979,
    "jpeg20_top1_prob": 0.3362678587436676,
    "m_comm": 0.0030443063005805016
  },
  "n_rows": 5000,
  "npy": "github_package\\data\\derived_imagenetc_features\\features_jpeg_compression_2_validation.npy",
  "severity": 2,
  "split": "validation",
  "std": {
    "band_high": 0.011016301810741425,
    "band_low": 0.04447135701775551,
    "band_mid": 0.03468702733516693,
    "comm_band_high": 0.02663361467421055,
    "comm_band_low": 0.07450956106185913,
    "comm_band_mid": 0.05324997007846832,
    "dncnn_entropy": 0.14950375258922577,
    "dncnn_margin": 0.21516753733158112,
    "dncnn_top1_prob": 0.19102416932582855,
    "hfer_dncnn_residual": 0.0432269424200058,
    "hfer_input": 0.018591154366731644,
    "hfer_jpeg20_residual": 0.0541553869843483,
    "identity_entropy": 0.1498115509748459,
    "identity_margin": 0.21528035402297974,
    "identity_top1_prob": 0.19139717519283295,
    "jpeg20_entropy": 0.15001466870307922,
    "jpeg20_margin": 0.21567976474761963,
    "jpeg20_top1_prob": 0.1918482780456543,
    "m_comm": 0.001045496785081923
  }
}