{
  "corruption": "jpeg_compression",
  "feature_names": [
    "hfer_input",
    "m_comm",
    "band_low",
    "band_mid",
    "band_high",
    "comm_band_low",
    "comm_band_mid",
    "comm_band_high",
    "hfer_jpeg20_residual",
    "hfer_dncnn_residual",
    "identity_top1_prob",
    "identity_margin",
    "identity_entropy",
    "dncnn_top1_prob",
    "dncnn_margin",
    "dncnn_entropy",
    "jpeg20_top1_prob",
    "jpeg20_margin",
    "jpeg20_entropy"
  ],
  "image_index_max": 1999,
  "image_index_min": 0,
  "mean": {
    "band_high": 0.013409986160695553,
    "band_low": 0.9414567351341248,
    "band_mid": 0.0451325997710228,
    "comm_band_high": 0.13145646452903748,
    "comm_band_low": 0.6014819741249084,
    "comm_band_mid": 0.2670620083808899,
    "dncnn_entropy": 0.6601322293281555,
    "dncnn_margin": 0.2833257019519806,
    "dncnn_top1_prob": 0.3440423011779785,
    "hfer_dncnn_residual": 0.34301117062568665,
    "hfer_input": 0.022523486986756325,
    "hfer_jpeg20_residual": 0.24227388203144073,
    "identity_entropy": 0.6599957942962646,
    "identity_margin": 0.2818444073200226,
    "identity_top1_prob": 0.3431394100189209,
    "jpeg20_entropy": 0.6628046631813049,
    "jpeg20_margin": 0.273681104183197,
    "jpeg20_top1_prob": 0.33611324429512024,
    "m_comm": 0.003559539560228586
  },
  "n_rows": 2000,
  "npy": "github_package\\data\\derived_imagenetc_features\\features_jpeg_compression_1_search.npy",
  "severity": 1,
  "split": "search",
  "std": {
    "band_high": 0.01422321517020464,
    "band_low": 0.049290746450424194,
    "band_mid": 0.037199437618255615,
    "comm_band_high": 0.056766327470541,
    "comm_band_low": 0.13370314240455627,
    "comm_band_mid": 0.0814475268125534,
    "dncnn_entropy": 0.14806538820266724,
    "dncnn_margin": 0.21333466470241547,
    "dncnn_top1_prob": 0.18772463500499725,
    "hfer_dncnn_residual": 0.0486212819814682,
    "hfer_input": 0.022528965026140213,
    "hfer_jpeg20_residual": 0.09585315734148026,
    "identity_entropy": 0.1485077440738678,
    "identity_margin": 0.21408003568649292,
    "identity_top1_prob": 0.18848907947540283,
    "jpeg20_entropy": 0.14761750400066376,
    "jpeg20_margin": 0.21280783414840698,
    "jpeg20_top1_prob": 0.18858176469802856,
    "m_comm": 0.0017848667921498418
  }
}