{
  "corruption": "pixelate",
  "feature_names": [
    "hfer_input",
    "m_comm",
    "band_low",
    "band_mid",
    "band_high",
    "comm_band_low",
    "comm_band_mid",
    "comm_band_high",
    "hfer_jpeg20_residual",
    "hfer_dncnn_residual",
    "identity_top1_prob",
    "identity_margin",
    "identity_entropy",
    "dncnn_top1_prob",
    "dncnn_margin",
    "dncnn_entropy",
    "jpeg20_top1_prob",
    "jpeg20_margin",
    "jpeg20_entropy"
  ],
  "image_index_max": 6999,
  "image_index_min": 2000,
  "mean": {
    "band_high": 0.01536173839122057,
    "band_low": 0.9587960839271545,
    "band_mid": 0.025842206552624702,
    "comm_band_high": 0.2025032639503479,
    "comm_band_low": 0.468388170003891,
    "comm_band_mid": 0.3291078507900238,
    "dncnn_entropy": 0.750846266746521,
    "dncnn_margin": 0.13243187963962555,
    "dncnn_top1_prob": 0.1928512305021286,
    "hfer_dncnn_residual": 0.41088807582855225,
    "hfer_input": 0.021748105064034462,
    "hfer_jpeg20_residual": 0.5162724852561951,
    "identity_entropy": 0.7521530985832214,
    "identity_margin": 0.13079218566417694,
    "identity_top1_prob": 0.19082239270210266,
    "jpeg20_entropy": 0.721164882183075,
    "jpeg20_margin": 0.17787562310695648,
    "jpeg20_top1_prob": 0.23999567329883575,
    "m_comm": 0.005094744730740786
  },
  "n_rows": 5000,
  "npy": "github_package\\data\\derived_imagenetc_features\\features_pixelate_4_validation.npy",
  "severity": 4,
  "split": "validation",
  "std": {
    "band_high": 0.008084078319370747,
    "band_low": 0.023191919550299644,
    "band_mid": 0.015183087438344955,
    "comm_band_high": 0.1016077920794487,
    "comm_band_low": 0.11113478988409042,
    "comm_band_mid": 0.07156721502542496,
    "dncnn_entropy": 0.13390524685382843,
    "dncnn_margin": 0.16892705857753754,
    "dncnn_top1_prob": 0.16553650796413422,
    "hfer_dncnn_residual": 0.07161425054073334,
    "hfer_input": 0.010887864045798779,
    "hfer_jpeg20_residual": 0.10387945920228958,
    "identity_entropy": 0.13381636142730713,
    "identity_margin": 0.16789290308952332,
    "identity_top1_prob": 0.16502194106578827,
    "jpeg20_entropy": 0.14140987396240234,
    "jpeg20_margin": 0.18993709981441498,
    "jpeg20_top1_prob": 0.1805100291967392,
    "m_comm": 0.0016904744552448392
  }
}