{
  "corruption": "jpeg_compression",
  "feature_names": [
    "hfer_input",
    "m_comm",
    "band_low",
    "band_mid",
    "band_high",
    "comm_band_low",
    "comm_band_mid",
    "comm_band_high",
    "hfer_jpeg20_residual",
    "hfer_dncnn_residual",
    "identity_top1_prob",
    "identity_margin",
    "identity_entropy",
    "dncnn_top1_prob",
    "dncnn_margin",
    "dncnn_entropy",
    "jpeg20_top1_prob",
    "jpeg20_margin",
    "jpeg20_entropy"
  ],
  "image_index_max": 1999,
  "image_index_min": 0,
  "mean": {
    "band_high": 0.010759854689240456,
    "band_low": 0.9495503306388855,
    "band_mid": 0.03968985378742218,
    "comm_band_high": 0.09359850734472275,
    "comm_band_low": 0.673703670501709,
    "comm_band_mid": 0.23269805312156677,
    "dncnn_entropy": 0.7036604881286621,
    "dncnn_margin": 0.20078375935554504,
    "dncnn_top1_prob": 0.26301833987236023,
    "hfer_dncnn_residual": 0.274532675743103,
    "hfer_input": 0.01725553721189499,
    "hfer_jpeg20_residual": 0.13794921338558197,
    "identity_entropy": 0.7052273154258728,
    "identity_margin": 0.1968812197446823,
    "identity_top1_prob": 0.2592829763889313,
    "jpeg20_entropy": 0.706800103187561,
    "jpeg20_margin": 0.19449196755886078,
    "jpeg20_top1_prob": 0.25693371891975403,
    "m_comm": 0.003673639614135027
  },
  "n_rows": 2000,
  "npy": "github_package\\data\\derived_imagenetc_features\\features_jpeg_compression_5_search.npy",
  "severity": 5,
  "split": "search",
  "std": {
    "band_high": 0.007809785660356283,
    "band_low": 0.039793964475393295,
    "band_mid": 0.032653503119945526,
    "comm_band_high": 0.033982060849666595,
    "comm_band_low": 0.07956506311893463,
    "comm_band_mid": 0.05340166017413139,
    "dncnn_entropy": 0.1483742743730545,
    "dncnn_margin": 0.20504511892795563,
    "dncnn_top1_prob": 0.1921907216310501,
    "hfer_dncnn_residual": 0.042380452156066895,
    "hfer_input": 0.01349039189517498,
    "hfer_jpeg20_residual": 0.07393404841423035,
    "identity_entropy": 0.14839251339435577,
    "identity_margin": 0.20436277985572815,
    "identity_top1_prob": 0.19186849892139435,
    "jpeg20_entropy": 0.14726679027080536,
    "jpeg20_margin": 0.20266985893249512,
    "jpeg20_top1_prob": 0.1905655860900879,
    "m_comm": 0.0014723887434229255
  }
}