{
  "corruption": "jpeg_compression",
  "feature_names": [
    "hfer_input",
    "m_comm",
    "band_low",
    "band_mid",
    "band_high",
    "comm_band_low",
    "comm_band_mid",
    "comm_band_high",
    "hfer_jpeg20_residual",
    "hfer_dncnn_residual",
    "identity_top1_prob",
    "identity_margin",
    "identity_entropy",
    "dncnn_top1_prob",
    "dncnn_margin",
    "dncnn_entropy",
    "jpeg20_top1_prob",
    "jpeg20_margin",
    "jpeg20_entropy"
  ],
  "image_index_max": 6999,
  "image_index_min": 2000,
  "mean": {
    "band_high": 0.013258044607937336,
    "band_low": 0.942660927772522,
    "band_mid": 0.04408125579357147,
    "comm_band_high": 0.13251890242099762,
    "comm_band_low": 0.6003827452659607,
    "comm_band_mid": 0.26709848642349243,
    "dncnn_entropy": 0.6565058827400208,
    "dncnn_margin": 0.28900662064552307,
    "dncnn_top1_prob": 0.34820982813835144,
    "hfer_dncnn_residual": 0.34463533759117126,
    "hfer_input": 0.022233925759792328,
    "hfer_jpeg20_residual": 0.24329736828804016,
    "identity_entropy": 0.6568698883056641,
    "identity_margin": 0.28742149472236633,
    "identity_top1_prob": 0.3469093143939972,
    "jpeg20_entropy": 0.6602110862731934,
    "jpeg20_margin": 0.28009822964668274,
    "jpeg20_top1_prob": 0.3403026759624481,
    "m_comm": 0.003463959554210305
  },
  "n_rows": 5000,
  "npy": "github_package\\data\\derived_imagenetc_features\\features_jpeg_compression_1_validation.npy",
  "severity": 1,
  "split": "validation",
  "std": {
    "band_high": 0.013264873065054417,
    "band_low": 0.046638403087854385,
    "band_mid": 0.03480829671025276,
    "comm_band_high": 0.05676731467247009,
    "comm_band_low": 0.1336468756198883,
    "comm_band_mid": 0.08155657351016998,
    "dncnn_entropy": 0.14997893571853638,
    "dncnn_margin": 0.21602363884449005,
    "dncnn_top1_prob": 0.19015412032604218,
    "hfer_dncnn_residual": 0.04700854420661926,
    "hfer_input": 0.021327568218111992,
    "hfer_jpeg20_residual": 0.0954495221376419,
    "identity_entropy": 0.15029877424240112,
    "identity_margin": 0.21628303825855255,
    "identity_top1_prob": 0.19063091278076172,
    "jpeg20_entropy": 0.14991430938243866,
    "jpeg20_margin": 0.21497677266597748,
    "jpeg20_top1_prob": 0.19059622287750244,
    "m_comm": 0.001720135798677802
  }
}