{
  "corruption": "elastic_transform",
  "feature_names": [
    "hfer_input",
    "m_comm",
    "band_low",
    "band_mid",
    "band_high",
    "comm_band_low",
    "comm_band_mid",
    "comm_band_high",
    "hfer_jpeg20_residual",
    "hfer_dncnn_residual",
    "identity_top1_prob",
    "identity_margin",
    "identity_entropy",
    "dncnn_top1_prob",
    "dncnn_margin",
    "dncnn_entropy",
    "jpeg20_top1_prob",
    "jpeg20_margin",
    "jpeg20_entropy"
  ],
  "image_index_max": 1999,
  "image_index_min": 0,
  "mean": {
    "band_high": 0.008207534439861774,
    "band_low": 0.9606348872184753,
    "band_mid": 0.03115745261311531,
    "comm_band_high": 0.15582655370235443,
    "comm_band_low": 0.4548640251159668,
    "comm_band_mid": 0.3893093168735504,
    "dncnn_entropy": 0.7491838335990906,
    "dncnn_margin": 0.16392898559570312,
    "dncnn_top1_prob": 0.22237712144851685,
    "hfer_dncnn_residual": 0.3624550998210907,
    "hfer_input": 0.013512218371033669,
    "hfer_jpeg20_residual": 0.3905342221260071,
    "identity_entropy": 0.7487034201622009,
    "identity_margin": 0.16437320411205292,
    "identity_top1_prob": 0.22282694280147552,
    "jpeg20_entropy": 0.7359306812286377,
    "jpeg20_margin": 0.16721080243587494,
    "jpeg20_top1_prob": 0.22898763418197632,
    "m_comm": 0.005905014928430319
  },
  "n_rows": 2000,
  "npy": "github_package\\data\\derived_imagenetc_features\\features_elastic_transform_4_search.npy",
  "severity": 4,
  "split": "search",
  "std": {
    "band_high": 0.006968361791223288,
    "band_low": 0.030627595260739326,
    "band_mid": 0.02438444085419178,
    "comm_band_high": 0.04429762437939644,
    "comm_band_low": 0.10412796586751938,
    "comm_band_mid": 0.068216972053051,
    "dncnn_entropy": 0.12253843247890472,
    "dncnn_margin": 0.17089806497097015,
    "dncnn_top1_prob": 0.1610463559627533,
    "hfer_dncnn_residual": 0.07292748242616653,
    "hfer_input": 0.011161730624735355,
    "hfer_jpeg20_residual": 0.12793217599391937,
    "identity_entropy": 0.12160705775022507,
    "identity_margin": 0.1700817495584488,
    "identity_top1_prob": 0.16029851138591766,
    "jpeg20_entropy": 0.1313006430864334,
    "jpeg20_margin": 0.1780117005109787,
    "jpeg20_top1_prob": 0.1697067767381668,
    "m_comm": 0.0019711016211658716
  }
}