{
  "corruption": "contrast",
  "feature_names": [
    "hfer_input",
    "m_comm",
    "band_low",
    "band_mid",
    "band_high",
    "comm_band_low",
    "comm_band_mid",
    "comm_band_high",
    "hfer_jpeg20_residual",
    "hfer_dncnn_residual",
    "identity_top1_prob",
    "identity_margin",
    "identity_entropy",
    "dncnn_top1_prob",
    "dncnn_margin",
    "dncnn_entropy",
    "jpeg20_top1_prob",
    "jpeg20_margin",
    "jpeg20_entropy"
  ],
  "image_index_max": 1999,
  "image_index_min": 0,
  "mean": {
    "band_high": 0.017485586926341057,
    "band_low": 0.9360374212265015,
    "band_mid": 0.04647683724761009,
    "comm_band_high": 0.09797787666320801,
    "comm_band_low": 0.6159015893936157,
    "comm_band_mid": 0.28612107038497925,
    "dncnn_entropy": 0.6550629734992981,
    "dncnn_margin": 0.29756084084510803,
    "dncnn_top1_prob": 0.35484156012535095,
    "hfer_dncnn_residual": 0.51888108253479,
    "hfer_input": 0.027426688000559807,
    "hfer_jpeg20_residual": 0.2882305681705475,
    "identity_entropy": 0.6558964252471924,
    "identity_margin": 0.2957407236099243,
    "identity_top1_prob": 0.3532233238220215,
    "jpeg20_entropy": 0.7450469136238098,
    "jpeg20_margin": 0.1419735699892044,
    "jpeg20_top1_prob": 0.20251531898975372,
    "m_comm": 0.0026851119473576546
  },
  "n_rows": 2000,
  "npy": "github_package\\data\\derived_imagenetc_features\\features_contrast_2_search.npy",
  "severity": 2,
  "split": "search",
  "std": {
    "band_high": 0.01864088885486126,
    "band_low": 0.05345366895198822,
    "band_mid": 0.03732454776763916,
    "comm_band_high": 0.029764367267489433,
    "comm_band_low": 0.12402209639549255,
    "comm_band_mid": 0.09697411954402924,
    "dncnn_entropy": 0.14418981969356537,
    "dncnn_margin": 0.20950308442115784,
    "dncnn_top1_prob": 0.18413813412189484,
    "hfer_dncnn_residual": 0.06670232117176056,
    "hfer_input": 0.02717933990061283,
    "hfer_jpeg20_residual": 0.11635251343250275,
    "identity_entropy": 0.14385715126991272,
    "identity_margin": 0.2093673050403595,
    "identity_top1_prob": 0.18419507145881653,
    "jpeg20_entropy": 0.13423237204551697,
    "jpeg20_margin": 0.17269988358020782,
    "jpeg20_top1_prob": 0.16904151439666748,
    "m_comm": 0.000841156579554081
  }
}