{
  "corruption": "elastic_transform",
  "feature_names": [
    "hfer_input",
    "m_comm",
    "band_low",
    "band_mid",
    "band_high",
    "comm_band_low",
    "comm_band_mid",
    "comm_band_high",
    "hfer_jpeg20_residual",
    "hfer_dncnn_residual",
    "identity_top1_prob",
    "identity_margin",
    "identity_entropy",
    "dncnn_top1_prob",
    "dncnn_margin",
    "dncnn_entropy",
    "jpeg20_top1_prob",
    "jpeg20_margin",
    "jpeg20_entropy"
  ],
  "image_index_max": 6999,
  "image_index_min": 2000,
  "mean": {
    "band_high": 0.0069585624150931835,
    "band_low": 0.9636214971542358,
    "band_mid": 0.029419055208563805,
    "comm_band_high": 0.1508791595697403,
    "comm_band_low": 0.46609658002853394,
    "comm_band_mid": 0.38302457332611084,
    "dncnn_entropy": 0.71184903383255,
    "dncnn_margin": 0.22114914655685425,
    "dncnn_top1_prob": 0.278322696685791,
    "hfer_dncnn_residual": 0.35931655764579773,
    "hfer_input": 0.011780192144215107,
    "hfer_jpeg20_residual": 0.36759892106056213,
    "identity_entropy": 0.7111309766769409,
    "identity_margin": 0.2214685082435608,
    "identity_top1_prob": 0.2788695991039276,
    "jpeg20_entropy": 0.7045916318893433,
    "jpeg20_margin": 0.21091274917125702,
    "jpeg20_top1_prob": 0.27233242988586426,
    "m_comm": 0.005722672212868929
  },
  "n_rows": 5000,
  "npy": "github_package\\data\\derived_imagenetc_features\\features_elastic_transform_3_validation.npy",
  "severity": 3,
  "split": "validation",
  "std": {
    "band_high": 0.00548100471496582,
    "band_low": 0.027350667864084244,
    "band_mid": 0.022279666736721992,
    "comm_band_high": 0.04337747395038605,
    "comm_band_low": 0.10414271056652069,
    "comm_band_mid": 0.06981191784143448,
    "dncnn_entropy": 0.13216562569141388,
    "dncnn_margin": 0.19211803376674652,
    "dncnn_top1_prob": 0.17528238892555237,
    "hfer_dncnn_residual": 0.07143092155456543,
    "hfer_input": 0.009352149441838264,
    "hfer_jpeg20_residual": 0.12181807309389114,
    "identity_entropy": 0.13254548609256744,
    "identity_margin": 0.19270598888397217,
    "identity_top1_prob": 0.1757737547159195,
    "jpeg20_entropy": 0.14274372160434723,
    "jpeg20_margin": 0.19987976551055908,
    "jpeg20_top1_prob": 0.18501164019107819,
    "m_comm": 0.0019467668607831001
  }
}