{
  "corruption": "contrast",
  "feature_names": [
    "hfer_input",
    "m_comm",
    "band_low",
    "band_mid",
    "band_high",
    "comm_band_low",
    "comm_band_mid",
    "comm_band_high",
    "hfer_jpeg20_residual",
    "hfer_dncnn_residual",
    "identity_top1_prob",
    "identity_margin",
    "identity_entropy",
    "dncnn_top1_prob",
    "dncnn_margin",
    "dncnn_entropy",
    "jpeg20_top1_prob",
    "jpeg20_margin",
    "jpeg20_entropy"
  ],
  "image_index_max": 6999,
  "image_index_min": 2000,
  "mean": {
    "band_high": 0.01723383739590645,
    "band_low": 0.9374074339866638,
    "band_mid": 0.04535812512040138,
    "comm_band_high": 0.09871077537536621,
    "comm_band_low": 0.61669921875,
    "comm_band_mid": 0.2845911681652069,
    "dncnn_entropy": 0.6530669331550598,
    "dncnn_margin": 0.29852598905563354,
    "dncnn_top1_prob": 0.3564233183860779,
    "hfer_dncnn_residual": 0.5209318399429321,
    "hfer_input": 0.02701513096690178,
    "hfer_jpeg20_residual": 0.289850115776062,
    "identity_entropy": 0.6537117958068848,
    "identity_margin": 0.2976357638835907,
    "identity_top1_prob": 0.35544553399086,
    "jpeg20_entropy": 0.741914689540863,
    "jpeg20_margin": 0.14934980869293213,
    "jpeg20_top1_prob": 0.20836319029331207,
    "m_comm": 0.002631475916132331
  },
  "n_rows": 5000,
  "npy": "github_package\\data\\derived_imagenetc_features\\features_contrast_2_validation.npy",
  "severity": 2,
  "split": "validation",
  "std": {
    "band_high": 0.017604678869247437,
    "band_low": 0.05069007724523544,
    "band_mid": 0.03475236892700195,
    "comm_band_high": 0.03173501044511795,
    "comm_band_low": 0.12268304824829102,
    "comm_band_mid": 0.0952061265707016,
    "dncnn_entropy": 0.14316844940185547,
    "dncnn_margin": 0.20897936820983887,
    "dncnn_top1_prob": 0.1821870058774948,
    "hfer_dncnn_residual": 0.06545385718345642,
    "hfer_input": 0.025964468717575073,
    "hfer_jpeg20_residual": 0.11570202559232712,
    "identity_entropy": 0.1429809182882309,
    "identity_margin": 0.20856183767318726,
    "identity_top1_prob": 0.1821437031030655,
    "jpeg20_entropy": 0.1385110318660736,
    "jpeg20_margin": 0.1790875792503357,
    "jpeg20_top1_prob": 0.1745355725288391,
    "m_comm": 0.0008342479704879224
  }
}