{
  "corruption": "elastic_transform",
  "feature_names": [
    "hfer_input",
    "m_comm",
    "band_low",
    "band_mid",
    "band_high",
    "comm_band_low",
    "comm_band_mid",
    "comm_band_high",
    "hfer_jpeg20_residual",
    "hfer_dncnn_residual",
    "identity_top1_prob",
    "identity_margin",
    "identity_entropy",
    "dncnn_top1_prob",
    "dncnn_margin",
    "dncnn_entropy",
    "jpeg20_top1_prob",
    "jpeg20_margin",
    "jpeg20_entropy"
  ],
  "image_index_max": 6999,
  "image_index_min": 2000,
  "mean": {
    "band_high": 0.008070386946201324,
    "band_low": 0.9615137577056885,
    "band_mid": 0.030417291447520256,
    "comm_band_high": 0.15650857985019684,
    "comm_band_low": 0.4545297920703888,
    "comm_band_mid": 0.38896188139915466,
    "dncnn_entropy": 0.7469995021820068,
    "dncnn_margin": 0.1684088557958603,
    "dncnn_top1_prob": 0.2259182631969452,
    "hfer_dncnn_residual": 0.36554381251335144,
    "hfer_input": 0.013262399472296238,
    "hfer_jpeg20_residual": 0.39324402809143066,
    "identity_entropy": 0.7460262179374695,
    "identity_margin": 0.16961701214313507,
    "identity_top1_prob": 0.2271880805492401,
    "jpeg20_entropy": 0.7345177531242371,
    "jpeg20_margin": 0.169729083776474,
    "jpeg20_top1_prob": 0.23058849573135376,
    "m_comm": 0.00579008599743247
  },
  "n_rows": 5000,
  "npy": "github_package\\data\\derived_imagenetc_features\\features_elastic_transform_4_validation.npy",
  "severity": 4,
  "split": "validation",
  "std": {
    "band_high": 0.006455671973526478,
    "band_low": 0.028332620859146118,
    "band_mid": 0.022282762452960014,
    "comm_band_high": 0.04445996880531311,
    "comm_band_low": 0.10274726897478104,
    "comm_band_mid": 0.0673392191529274,
    "dncnn_entropy": 0.12446750700473785,
    "dncnn_margin": 0.17466267943382263,
    "dncnn_top1_prob": 0.16395458579063416,
    "hfer_dncnn_residual": 0.07200749963521957,
    "hfer_input": 0.010493235662579536,
    "hfer_jpeg20_residual": 0.12580162286758423,
    "identity_entropy": 0.12469344586133957,
    "identity_margin": 0.175059974193573,
    "identity_top1_prob": 0.16426660120487213,
    "jpeg20_entropy": 0.13387945294380188,
    "jpeg20_margin": 0.18213868141174316,
    "jpeg20_top1_prob": 0.1728118509054184,
    "m_comm": 0.0019544907845556736
  }
}