{
  "corruption": "elastic_transform",
  "feature_names": [
    "hfer_input",
    "m_comm",
    "band_low",
    "band_mid",
    "band_high",
    "comm_band_low",
    "comm_band_mid",
    "comm_band_high",
    "hfer_jpeg20_residual",
    "hfer_dncnn_residual",
    "identity_top1_prob",
    "identity_margin",
    "identity_entropy",
    "dncnn_top1_prob",
    "dncnn_margin",
    "dncnn_entropy",
    "jpeg20_top1_prob",
    "jpeg20_margin",
    "jpeg20_entropy"
  ],
  "image_index_max": 6999,
  "image_index_min": 2000,
  "mean": {
    "band_high": 0.011945009231567383,
    "band_low": 0.9530203342437744,
    "band_mid": 0.03503446280956268,
    "comm_band_high": 0.1735648214817047,
    "comm_band_low": 0.4235832095146179,
    "comm_band_mid": 0.4028516709804535,
    "dncnn_entropy": 0.7764585614204407,
    "dncnn_margin": 0.12380053848028183,
    "dncnn_top1_prob": 0.18089555203914642,
    "hfer_dncnn_residual": 0.3801003396511078,
    "hfer_input": 0.018404986709356308,
    "hfer_jpeg20_residual": 0.46243828535079956,
    "identity_entropy": 0.7758812308311462,
    "identity_margin": 0.1238454133272171,
    "identity_top1_prob": 0.18123453855514526,
    "jpeg20_entropy": 0.768332302570343,
    "jpeg20_margin": 0.12353731691837311,
    "jpeg20_top1_prob": 0.18311284482479095,
    "m_comm": 0.006012530066072941
  },
  "n_rows": 5000,
  "npy": "github_package\\data\\derived_imagenetc_features\\features_elastic_transform_5_validation.npy",
  "severity": 5,
  "split": "validation",
  "std": {
    "band_high": 0.009832863695919514,
    "band_low": 0.0331665500998497,
    "band_mid": 0.023866046220064163,
    "comm_band_high": 0.049315180629491806,
    "comm_band_low": 0.10002199560403824,
    "comm_band_mid": 0.06205853447318077,
    "dncnn_entropy": 0.11246662586927414,
    "dncnn_margin": 0.14747796952724457,
    "dncnn_top1_prob": 0.14255762100219727,
    "hfer_dncnn_residual": 0.07458895444869995,
    "hfer_input": 0.014570219442248344,
    "hfer_jpeg20_residual": 0.13347870111465454,
    "identity_entropy": 0.11282937973737717,
    "identity_margin": 0.1485200673341751,
    "identity_top1_prob": 0.1432170867919922,
    "jpeg20_entropy": 0.11643026024103165,
    "jpeg20_margin": 0.14957217872142792,
    "jpeg20_top1_prob": 0.14541412889957428,
    "m_comm": 0.002004696521908045
  }
}