{
  "corruption": "elastic_transform",
  "feature_names": [
    "hfer_input",
    "m_comm",
    "band_low",
    "band_mid",
    "band_high",
    "comm_band_low",
    "comm_band_mid",
    "comm_band_high",
    "hfer_jpeg20_residual",
    "hfer_dncnn_residual",
    "identity_top1_prob",
    "identity_margin",
    "identity_entropy",
    "dncnn_top1_prob",
    "dncnn_margin",
    "dncnn_entropy",
    "jpeg20_top1_prob",
    "jpeg20_margin",
    "jpeg20_entropy"
  ],
  "image_index_max": 1999,
  "image_index_min": 0,
  "mean": {
    "band_high": 0.012174457311630249,
    "band_low": 0.9520200490951538,
    "band_mid": 0.0358060859143734,
    "comm_band_high": 0.17224153876304626,
    "comm_band_low": 0.4258163571357727,
    "comm_band_mid": 0.40194234251976013,
    "dncnn_entropy": 0.7747722864151001,
    "dncnn_margin": 0.12367063015699387,
    "dncnn_top1_prob": 0.1818227469921112,
    "hfer_dncnn_residual": 0.3769381046295166,
    "hfer_input": 0.01878068596124649,
    "hfer_jpeg20_residual": 0.45931145548820496,
    "identity_entropy": 0.7745338082313538,
    "identity_margin": 0.12337465584278107,
    "identity_top1_prob": 0.18168677389621735,
    "jpeg20_entropy": 0.772154688835144,
    "jpeg20_margin": 0.12184423953294754,
    "jpeg20_top1_prob": 0.17969083786010742,
    "m_comm": 0.006136596202850342
  },
  "n_rows": 2000,
  "npy": "github_package\\data\\derived_imagenetc_features\\features_elastic_transform_5_search.npy",
  "severity": 5,
  "split": "search",
  "std": {
    "band_high": 0.010448750108480453,
    "band_low": 0.035214997828006744,
    "band_mid": 0.02539326623082161,
    "comm_band_high": 0.04913151264190674,
    "comm_band_low": 0.10151345282793045,
    "comm_band_mid": 0.06329505890607834,
    "dncnn_entropy": 0.11424843966960907,
    "dncnn_margin": 0.14968569576740265,
    "dncnn_top1_prob": 0.1441098302602768,
    "hfer_dncnn_residual": 0.07567580044269562,
    "hfer_input": 0.015484663657844067,
    "hfer_jpeg20_residual": 0.1356344223022461,
    "identity_entropy": 0.11479408293962479,
    "identity_margin": 0.1505829393863678,
    "identity_top1_prob": 0.14475874602794647,
    "jpeg20_entropy": 0.11404573917388916,
    "jpeg20_margin": 0.14760367572307587,
    "jpeg20_top1_prob": 0.14408685266971588,
    "m_comm": 0.002041526371613145
  }
}