{
  "corruption": "contrast",
  "feature_names": [
    "hfer_input",
    "m_comm",
    "band_low",
    "band_mid",
    "band_high",
    "comm_band_low",
    "comm_band_mid",
    "comm_band_high",
    "hfer_jpeg20_residual",
    "hfer_dncnn_residual",
    "identity_top1_prob",
    "identity_margin",
    "identity_entropy",
    "dncnn_top1_prob",
    "dncnn_margin",
    "dncnn_entropy",
    "jpeg20_top1_prob",
    "jpeg20_margin",
    "jpeg20_entropy"
  ],
  "image_index_max": 1999,
  "image_index_min": 0,
  "mean": {
    "band_high": 0.017187874764204025,
    "band_low": 0.9357308745384216,
    "band_mid": 0.047081757336854935,
    "comm_band_high": 0.08768585324287415,
    "comm_band_low": 0.7671290040016174,
    "comm_band_mid": 0.145184725522995,
    "dncnn_entropy": 0.7653806209564209,
    "dncnn_margin": 0.13776303827762604,
    "dncnn_top1_prob": 0.19173097610473633,
    "hfer_dncnn_residual": 0.5030182600021362,
    "hfer_input": 0.02578309178352356,
    "hfer_jpeg20_residual": 0.07555998861789703,
    "identity_entropy": 0.7816741466522217,
    "identity_margin": 0.1224883496761322,
    "identity_top1_prob": 0.17387278378009796,
    "jpeg20_entropy": 0.895546555519104,
    "jpeg20_margin": 0.01941733807325363,
    "jpeg20_top1_prob": 0.045153044164180756,
    "m_comm": 0.0010244997683912516
  },
  "n_rows": 2000,
  "npy": "github_package\\data\\derived_imagenetc_features\\features_contrast_5_search.npy",
  "severity": 5,
  "split": "search",
  "std": {
    "band_high": 0.010628757998347282,
    "band_low": 0.04422139748930931,
    "band_mid": 0.03445396572351456,
    "comm_band_high": 0.04981951788067818,
    "comm_band_low": 0.1118168830871582,
    "comm_band_mid": 0.06853118538856506,
    "dncnn_entropy": 0.14087451994419098,
    "dncnn_margin": 0.17649570107460022,
    "dncnn_top1_prob": 0.17404034733772278,
    "hfer_dncnn_residual": 0.051306623965501785,
    "hfer_input": 0.017135588452219963,
    "hfer_jpeg20_residual": 0.031113680452108383,
    "identity_entropy": 0.1373126208782196,
    "identity_margin": 0.16551737487316132,
    "identity_top1_prob": 0.16625598073005676,
    "jpeg20_entropy": 0.029698126018047333,
    "jpeg20_margin": 0.027597688138484955,
    "jpeg20_top1_prob": 0.03141878545284271,
    "m_comm": 0.0003963292110711336
  }
}