{
  "corruption": "jpeg_compression",
  "feature_names": [
    "hfer_input",
    "m_comm",
    "band_low",
    "band_mid",
    "band_high",
    "comm_band_low",
    "comm_band_mid",
    "comm_band_high",
    "hfer_jpeg20_residual",
    "hfer_dncnn_residual",
    "identity_top1_prob",
    "identity_margin",
    "identity_entropy",
    "dncnn_top1_prob",
    "dncnn_margin",
    "dncnn_entropy",
    "jpeg20_top1_prob",
    "jpeg20_margin",
    "jpeg20_entropy"
  ],
  "image_index_max": 1999,
  "image_index_min": 0,
  "mean": {
    "band_high": 0.010706671513617039,
    "band_low": 0.9471452832221985,
    "band_mid": 0.04214825853705406,
    "comm_band_high": 0.16039519011974335,
    "comm_band_low": 0.4393579959869385,
    "comm_band_mid": 0.4002470076084137,
    "dncnn_entropy": 0.6821967363357544,
    "dncnn_margin": 0.23608657717704773,
    "dncnn_top1_prob": 0.29955917596817017,
    "hfer_dncnn_residual": 0.29736191034317017,
    "hfer_input": 0.018029969185590744,
    "hfer_jpeg20_residual": 0.30422738194465637,
    "identity_entropy": 0.6836827397346497,
    "identity_margin": 0.23316003382205963,
    "identity_top1_prob": 0.29631900787353516,
    "jpeg20_entropy": 0.6846005320549011,
    "jpeg20_margin": 0.2320384383201599,
    "jpeg20_top1_prob": 0.295209676027298,
    "m_comm": 0.002540447749197483
  },
  "n_rows": 2000,
  "npy": "github_package\\data\\derived_imagenetc_features\\features_jpeg_compression_4_search.npy",
  "severity": 4,
  "split": "search",
  "std": {
    "band_high": 0.008574423380196095,
    "band_low": 0.042852580547332764,
    "band_mid": 0.03509343042969704,
    "comm_band_high": 0.05130071938037872,
    "comm_band_low": 0.13197791576385498,
    "comm_band_mid": 0.1046578586101532,
    "dncnn_entropy": 0.15008875727653503,
    "dncnn_margin": 0.21275152266025543,
    "dncnn_top1_prob": 0.1938866376876831,
    "hfer_dncnn_residual": 0.04128066077828407,
    "hfer_input": 0.01536357682198286,
    "hfer_jpeg20_residual": 0.1282052844762802,
    "identity_entropy": 0.15047620236873627,
    "identity_margin": 0.21255658566951752,
    "identity_top1_prob": 0.19448652863502502,
    "jpeg20_entropy": 0.15034548938274384,
    "jpeg20_margin": 0.21248759329319,
    "jpeg20_top1_prob": 0.19437594711780548,
    "m_comm": 0.0012308097211644053
  }
}