{
  "corruption": "contrast",
  "feature_names": [
    "hfer_input",
    "m_comm",
    "band_low",
    "band_mid",
    "band_high",
    "comm_band_low",
    "comm_band_mid",
    "comm_band_high",
    "hfer_jpeg20_residual",
    "hfer_dncnn_residual",
    "identity_top1_prob",
    "identity_margin",
    "identity_entropy",
    "dncnn_top1_prob",
    "dncnn_margin",
    "dncnn_entropy",
    "jpeg20_top1_prob",
    "jpeg20_margin",
    "jpeg20_entropy"
  ],
  "image_index_max": 6999,
  "image_index_min": 2000,
  "mean": {
    "band_high": 0.01826757751405239,
    "band_low": 0.9366587996482849,
    "band_mid": 0.045073501765728,
    "comm_band_high": 0.11754468828439713,
    "comm_band_low": 0.5559068322181702,
    "comm_band_mid": 0.32654765248298645,
    "dncnn_entropy": 0.649722158908844,
    "dncnn_margin": 0.30820927023887634,
    "dncnn_top1_prob": 0.3643193244934082,
    "hfer_dncnn_residual": 0.4944554269313812,
    "hfer_input": 0.028043292462825775,
    "hfer_jpeg20_residual": 0.3501121699810028,
    "identity_entropy": 0.6496473550796509,
    "identity_margin": 0.30813780426979065,
    "identity_top1_prob": 0.3642144203186035,
    "jpeg20_entropy": 0.7037801146507263,
    "jpeg20_margin": 0.1979077011346817,
    "jpeg20_top1_prob": 0.2606668174266815,
    "m_comm": 0.0032317889854311943
  },
  "n_rows": 5000,
  "npy": "github_package\\data\\derived_imagenetc_features\\features_contrast_1_validation.npy",
  "severity": 1,
  "split": "validation",
  "std": {
    "band_high": 0.01895803026854992,
    "band_low": 0.05163152515888214,
    "band_mid": 0.03445930778980255,
    "comm_band_high": 0.04129092022776604,
    "comm_band_low": 0.12596526741981506,
    "comm_band_mid": 0.09347382932901382,
    "dncnn_entropy": 0.14429344236850739,
    "dncnn_margin": 0.20936764776706696,
    "dncnn_top1_prob": 0.18189047276973724,
    "hfer_dncnn_residual": 0.07712061703205109,
    "hfer_input": 0.027225913479924202,
    "hfer_jpeg20_residual": 0.13116176426410675,
    "identity_entropy": 0.14420925080776215,
    "identity_margin": 0.2088015228509903,
    "identity_top1_prob": 0.18175286054611206,
    "jpeg20_entropy": 0.14687660336494446,
    "jpeg20_margin": 0.20008769631385803,
    "jpeg20_top1_prob": 0.18827764689922333,
    "m_comm": 0.0010579924564808607
  }
}