{
  "corruption": "contrast",
  "feature_names": [
    "hfer_input",
    "m_comm",
    "band_low",
    "band_mid",
    "band_high",
    "comm_band_low",
    "comm_band_mid",
    "comm_band_high",
    "hfer_jpeg20_residual",
    "hfer_dncnn_residual",
    "identity_top1_prob",
    "identity_margin",
    "identity_entropy",
    "dncnn_top1_prob",
    "dncnn_margin",
    "dncnn_entropy",
    "jpeg20_top1_prob",
    "jpeg20_margin",
    "jpeg20_entropy"
  ],
  "image_index_max": 1999,
  "image_index_min": 0,
  "mean": {
    "band_high": 0.015912486240267754,
    "band_low": 0.9371650218963623,
    "band_mid": 0.04692212492227554,
    "comm_band_high": 0.08166978508234024,
    "comm_band_low": 0.6938860416412354,
    "comm_band_mid": 0.224443256855011,
    "dncnn_entropy": 0.6628748774528503,
    "dncnn_margin": 0.275835782289505,
    "dncnn_top1_prob": 0.33661380410194397,
    "hfer_dncnn_residual": 0.5384600758552551,
    "hfer_input": 0.025749176740646362,
    "hfer_jpeg20_residual": 0.2113855630159378,
    "identity_entropy": 0.6642688512802124,
    "identity_margin": 0.2726031541824341,
    "identity_top1_prob": 0.3338910937309265,
    "jpeg20_entropy": 0.8070729374885559,
    "jpeg20_margin": 0.08569618314504623,
    "jpeg20_top1_prob": 0.13321106135845184,
    "m_comm": 0.0020608219783753157
  },
  "n_rows": 2000,
  "npy": "github_package\\data\\derived_imagenetc_features\\features_contrast_3_search.npy",
  "severity": 3,
  "split": "search",
  "std": {
    "band_high": 0.016266483813524246,
    "band_low": 0.05157920718193054,
    "band_mid": 0.03754379227757454,
    "comm_band_high": 0.02508299984037876,
    "comm_band_low": 0.11257563531398773,
    "comm_band_mid": 0.08968216925859451,
    "dncnn_entropy": 0.14608876407146454,
    "dncnn_margin": 0.21201129257678986,
    "dncnn_top1_prob": 0.18837711215019226,
    "hfer_dncnn_residual": 0.05238955467939377,
    "hfer_input": 0.02484927698969841,
    "hfer_jpeg20_residual": 0.09011644124984741,
    "identity_entropy": 0.1458345651626587,
    "identity_margin": 0.21194104850292206,
    "identity_top1_prob": 0.1882796734571457,
    "jpeg20_entropy": 0.11426889151334763,
    "jpeg20_margin": 0.13098867237567902,
    "jpeg20_top1_prob": 0.13515819609165192,
    "m_comm": 0.0006501367315649986
  }
}