{
  "corruption": "contrast",
  "feature_names": [
    "hfer_input",
    "m_comm",
    "band_low",
    "band_mid",
    "band_high",
    "comm_band_low",
    "comm_band_mid",
    "comm_band_high",
    "hfer_jpeg20_residual",
    "hfer_dncnn_residual",
    "identity_top1_prob",
    "identity_margin",
    "identity_entropy",
    "dncnn_top1_prob",
    "dncnn_margin",
    "dncnn_entropy",
    "jpeg20_top1_prob",
    "jpeg20_margin",
    "jpeg20_entropy"
  ],
  "image_index_max": 1999,
  "image_index_min": 0,
  "mean": {
    "band_high": 0.01465141773223877,
    "band_low": 0.9379077553749084,
    "band_mid": 0.04744104668498039,
    "comm_band_high": 0.07267606258392334,
    "comm_band_low": 0.7770054936408997,
    "comm_band_mid": 0.15031875669956207,
    "dncnn_entropy": 0.6895789504051208,
    "dncnn_margin": 0.2269182652235031,
    "dncnn_top1_prob": 0.2892667055130005,
    "hfer_dncnn_residual": 0.5303356051445007,
    "hfer_input": 0.02391204796731472,
    "hfer_jpeg20_residual": 0.12035613507032394,
    "identity_entropy": 0.6964606046676636,
    "identity_margin": 0.21739685535430908,
    "identity_top1_prob": 0.2796980142593384,
    "jpeg20_entropy": 0.8852469325065613,
    "jpeg20_margin": 0.03454045206308365,
    "jpeg20_top1_prob": 0.06326282024383545,
    "m_comm": 0.001372499973513186
  },
  "n_rows": 2000,
  "npy": "github_package\\data\\derived_imagenetc_features\\features_contrast_4_search.npy",
  "severity": 4,
  "split": "search",
  "std": {
    "band_high": 0.012133258394896984,
    "band_low": 0.04824620857834816,
    "band_mid": 0.0375962033867836,
    "comm_band_high": 0.025769056752324104,
    "comm_band_low": 0.0810164362192154,
    "comm_band_mid": 0.05888906493782997,
    "dncnn_entropy": 0.1513797491788864,
    "dncnn_margin": 0.20973248779773712,
    "dncnn_top1_prob": 0.19409257173538208,
    "hfer_dncnn_residual": 0.049504928290843964,
    "hfer_input": 0.020175926387310028,
    "hfer_jpeg20_residual": 0.051729802042245865,
    "identity_entropy": 0.14947174489498138,
    "identity_margin": 0.2077227383852005,
    "identity_top1_prob": 0.192569300532341,
    "jpeg20_entropy": 0.06111934781074524,
    "jpeg20_margin": 0.05879998207092285,
    "jpeg20_top1_prob": 0.06486614793539047,
    "m_comm": 0.00046980008482933044
  }
}