{
  "corruption": "pixelate",
  "feature_names": [
    "hfer_input",
    "m_comm",
    "band_low",
    "band_mid",
    "band_high",
    "comm_band_low",
    "comm_band_mid",
    "comm_band_high",
    "hfer_jpeg20_residual",
    "hfer_dncnn_residual",
    "identity_top1_prob",
    "identity_margin",
    "identity_entropy",
    "dncnn_top1_prob",
    "dncnn_margin",
    "dncnn_entropy",
    "jpeg20_top1_prob",
    "jpeg20_margin",
    "jpeg20_entropy"
  ],
  "image_index_max": 1999,
  "image_index_min": 0,
  "mean": {
    "band_high": 0.015617945231497288,
    "band_low": 0.9580095410346985,
    "band_mid": 0.02637309953570366,
    "comm_band_high": 0.1983204036951065,
    "comm_band_low": 0.4704628884792328,
    "comm_band_mid": 0.3312166929244995,
    "dncnn_entropy": 0.7527895569801331,
    "dncnn_margin": 0.13377203047275543,
    "dncnn_top1_prob": 0.19294652342796326,
    "hfer_dncnn_residual": 0.4074486196041107,
    "hfer_input": 0.02208394929766655,
    "hfer_jpeg20_residual": 0.513026237487793,
    "identity_entropy": 0.7538650631904602,
    "identity_margin": 0.13206130266189575,
    "identity_top1_prob": 0.19121719896793365,
    "jpeg20_entropy": 0.7258259057998657,
    "jpeg20_margin": 0.17423240840435028,
    "jpeg20_top1_prob": 0.2355877012014389,
    "m_comm": 0.005182297434657812
  },
  "n_rows": 2000,
  "npy": "github_package\\data\\derived_imagenetc_features\\features_pixelate_4_search.npy",
  "severity": 4,
  "split": "search",
  "std": {
    "band_high": 0.008386548608541489,
    "band_low": 0.02497946098446846,
    "band_mid": 0.01677114889025688,
    "comm_band_high": 0.09596773982048035,
    "comm_band_low": 0.10929709672927856,
    "comm_band_mid": 0.07070077210664749,
    "dncnn_entropy": 0.13320118188858032,
    "dncnn_margin": 0.1691589504480362,
    "dncnn_top1_prob": 0.16567263007164001,
    "hfer_dncnn_residual": 0.0730157122015953,
    "hfer_input": 0.011247481219470501,
    "hfer_jpeg20_residual": 0.10728205740451813,
    "identity_entropy": 0.13347043097019196,
    "identity_margin": 0.16841113567352295,
    "identity_top1_prob": 0.16541391611099243,
    "jpeg20_entropy": 0.1391187161207199,
    "jpeg20_margin": 0.18812276422977448,
    "jpeg20_top1_prob": 0.17900770902633667,
    "m_comm": 0.0016740164719522
  }
}