{
  "corruption": "pixelate",
  "feature_names": [
    "hfer_input",
    "m_comm",
    "band_low",
    "band_mid",
    "band_high",
    "comm_band_low",
    "comm_band_mid",
    "comm_band_high",
    "hfer_jpeg20_residual",
    "hfer_dncnn_residual",
    "identity_top1_prob",
    "identity_margin",
    "identity_entropy",
    "dncnn_top1_prob",
    "dncnn_margin",
    "dncnn_entropy",
    "jpeg20_top1_prob",
    "jpeg20_margin",
    "jpeg20_entropy"
  ],
  "image_index_max": 6999,
  "image_index_min": 2000,
  "mean": {
    "band_high": 0.020491719245910645,
    "band_low": 0.949893057346344,
    "band_mid": 0.02961464785039425,
    "comm_band_high": 0.21458445489406586,
    "comm_band_low": 0.43532899022102356,
    "comm_band_mid": 0.35008710622787476,
    "dncnn_entropy": 0.665793776512146,
    "dncnn_margin": 0.27437809109687805,
    "dncnn_top1_prob": 0.33471056818962097,
    "hfer_dncnn_residual": 0.3973709046840668,
    "hfer_input": 0.026426168158650398,
    "hfer_jpeg20_residual": 0.557869017124176,
    "identity_entropy": 0.6649754643440247,
    "identity_margin": 0.27477821707725525,
    "identity_top1_prob": 0.33515650033950806,
    "jpeg20_entropy": 0.6679331660270691,
    "jpeg20_margin": 0.2612169086933136,
    "jpeg20_top1_prob": 0.32383039593696594,
    "m_comm": 0.005834374576807022
  },
  "n_rows": 5000,
  "npy": "github_package\\data\\derived_imagenetc_features\\features_pixelate_1_validation.npy",
  "severity": 1,
  "split": "validation",
  "std": {
    "band_high": 0.014523260295391083,
    "band_low": 0.037037692964076996,
    "band_mid": 0.0227104052901268,
    "comm_band_high": 0.09915605932474136,
    "comm_band_low": 0.1148475855588913,
    "comm_band_mid": 0.07372639328241348,
    "dncnn_entropy": 0.14475475251674652,
    "dncnn_margin": 0.21010969579219818,
    "dncnn_top1_prob": 0.18569043278694153,
    "hfer_dncnn_residual": 0.07580449432134628,
    "hfer_input": 0.01927236095070839,
    "hfer_jpeg20_residual": 0.12136999517679214,
    "identity_entropy": 0.14492492377758026,
    "identity_margin": 0.21023020148277283,
    "identity_top1_prob": 0.18584385514259338,
    "jpeg20_entropy": 0.1486431211233139,
    "jpeg20_margin": 0.21249863505363464,
    "jpeg20_top1_prob": 0.19022247195243835,
    "m_comm": 0.002025821479037404
  }
}