{
  "corruption": "contrast",
  "feature_names": [
    "hfer_input",
    "m_comm",
    "band_low",
    "band_mid",
    "band_high",
    "comm_band_low",
    "comm_band_mid",
    "comm_band_high",
    "hfer_jpeg20_residual",
    "hfer_dncnn_residual",
    "identity_top1_prob",
    "identity_margin",
    "identity_entropy",
    "dncnn_top1_prob",
    "dncnn_margin",
    "dncnn_entropy",
    "jpeg20_top1_prob",
    "jpeg20_margin",
    "jpeg20_entropy"
  ],
  "image_index_max": 6999,
  "image_index_min": 2000,
  "mean": {
    "band_high": 0.01447691023349762,
    "band_low": 0.939140796661377,
    "band_mid": 0.04638311639428139,
    "comm_band_high": 0.0728476345539093,
    "comm_band_low": 0.7763067483901978,
    "comm_band_mid": 0.15084557235240936,
    "dncnn_entropy": 0.6902525424957275,
    "dncnn_margin": 0.22858981788158417,
    "dncnn_top1_prob": 0.289738267660141,
    "hfer_dncnn_residual": 0.5290868878364563,
    "hfer_input": 0.023597978055477142,
    "hfer_jpeg20_residual": 0.1208510771393776,
    "identity_entropy": 0.6964890360832214,
    "identity_margin": 0.22066457569599152,
    "identity_top1_prob": 0.281270295381546,
    "jpeg20_entropy": 0.8859859108924866,
    "jpeg20_margin": 0.037510763853788376,
    "jpeg20_top1_prob": 0.06500669568777084,
    "m_comm": 0.0013568097492679954
  },
  "n_rows": 5000,
  "npy": "github_package\\data\\derived_imagenetc_features\\features_contrast_4_validation.npy",
  "severity": 4,
  "split": "validation",
  "std": {
    "band_high": 0.011671595275402069,
    "band_low": 0.045677535235881805,
    "band_mid": 0.035166751593351364,
    "comm_band_high": 0.026330506429076195,
    "comm_band_low": 0.08437340706586838,
    "comm_band_mid": 0.06217343732714653,
    "dncnn_entropy": 0.14932972192764282,
    "dncnn_margin": 0.20972564816474915,
    "dncnn_top1_prob": 0.1930973082780838,
    "hfer_dncnn_residual": 0.05063454061746597,
    "hfer_input": 0.019414136186242104,
    "hfer_jpeg20_residual": 0.05295051634311676,
    "identity_entropy": 0.14981213212013245,
    "identity_margin": 0.20895524322986603,
    "identity_top1_prob": 0.19356004893779755,
    "jpeg20_entropy": 0.0646168440580368,
    "jpeg20_margin": 0.06749439984560013,
    "jpeg20_top1_prob": 0.07209250330924988,
    "m_comm": 0.0004568976873997599
  }
}