{
  "corruption": "elastic_transform",
  "feature_names": [
    "hfer_input",
    "m_comm",
    "band_low",
    "band_mid",
    "band_high",
    "comm_band_low",
    "comm_band_mid",
    "comm_band_high",
    "hfer_jpeg20_residual",
    "hfer_dncnn_residual",
    "identity_top1_prob",
    "identity_margin",
    "identity_entropy",
    "dncnn_top1_prob",
    "dncnn_margin",
    "dncnn_entropy",
    "jpeg20_top1_prob",
    "jpeg20_margin",
    "jpeg20_entropy"
  ],
  "image_index_max": 1999,
  "image_index_min": 0,
  "mean": {
    "band_high": 0.006374901160597801,
    "band_low": 0.9630370140075684,
    "band_mid": 0.03058803267776966,
    "comm_band_high": 0.14668695628643036,
    "comm_band_low": 0.47734248638153076,
    "comm_band_mid": 0.3759709596633911,
    "dncnn_entropy": 0.6740412712097168,
    "dncnn_margin": 0.2821417450904846,
    "dncnn_top1_prob": 0.3379664421081543,
    "hfer_dncnn_residual": 0.35017263889312744,
    "hfer_input": 0.011234176345169544,
    "hfer_jpeg20_residual": 0.3380025029182434,
    "identity_entropy": 0.6746591925621033,
    "identity_margin": 0.2807999849319458,
    "identity_top1_prob": 0.33690112829208374,
    "jpeg20_entropy": 0.6932021975517273,
    "jpeg20_margin": 0.23025690019130707,
    "jpeg20_top1_prob": 0.2925300896167755,
    "m_comm": 0.005807935725897551
  },
  "n_rows": 2000,
  "npy": "github_package\\data\\derived_imagenetc_features\\features_elastic_transform_1_search.npy",
  "severity": 1,
  "split": "search",
  "std": {
    "band_high": 0.006288834381848574,
    "band_low": 0.030025439336895943,
    "band_mid": 0.024933692067861557,
    "comm_band_high": 0.0444917157292366,
    "comm_band_low": 0.10858450829982758,
    "comm_band_mid": 0.07399776577949524,
    "dncnn_entropy": 0.14098839461803436,
    "dncnn_margin": 0.2011939436197281,
    "dncnn_top1_prob": 0.17785395681858063,
    "hfer_dncnn_residual": 0.07274124026298523,
    "hfer_input": 0.010565772652626038,
    "hfer_jpeg20_residual": 0.1239345520734787,
    "identity_entropy": 0.14044909179210663,
    "identity_margin": 0.20098243653774261,
    "identity_top1_prob": 0.17735865712165833,
    "jpeg20_entropy": 0.1429404616355896,
    "jpeg20_margin": 0.2032492309808731,
    "jpeg20_top1_prob": 0.1841137707233429,
    "m_comm": 0.0019856542348861694
  }
}