{
  "corruption": "pixelate",
  "feature_names": [
    "hfer_input",
    "m_comm",
    "band_low",
    "band_mid",
    "band_high",
    "comm_band_low",
    "comm_band_mid",
    "comm_band_high",
    "hfer_jpeg20_residual",
    "hfer_dncnn_residual",
    "identity_top1_prob",
    "identity_margin",
    "identity_entropy",
    "dncnn_top1_prob",
    "dncnn_margin",
    "dncnn_entropy",
    "jpeg20_top1_prob",
    "jpeg20_margin",
    "jpeg20_entropy"
  ],
  "image_index_max": 6999,
  "image_index_min": 2000,
  "mean": {
    "band_high": 0.020583640784025192,
    "band_low": 0.9530905485153198,
    "band_mid": 0.026324737817049026,
    "comm_band_high": 0.19124042987823486,
    "comm_band_low": 0.4806484878063202,
    "comm_band_mid": 0.32811129093170166,
    "dncnn_entropy": 0.686087429523468,
    "dncnn_margin": 0.23594553768634796,
    "dncnn_top1_prob": 0.29726359248161316,
    "hfer_dncnn_residual": 0.38940122723579407,
    "hfer_input": 0.025812599807977676,
    "hfer_jpeg20_residual": 0.5303013920783997,
    "identity_entropy": 0.6883335709571838,
    "identity_margin": 0.23238883912563324,
    "identity_top1_prob": 0.29356417059898376,
    "jpeg20_entropy": 0.6671361327171326,
    "jpeg20_margin": 0.2597375810146332,
    "jpeg20_top1_prob": 0.3226149082183838,
    "m_comm": 0.005564786493778229
  },
  "n_rows": 5000,
  "npy": "github_package\\data\\derived_imagenetc_features\\features_pixelate_2_validation.npy",
  "severity": 2,
  "split": "validation",
  "std": {
    "band_high": 0.013175266794860363,
    "band_low": 0.0333990752696991,
    "band_mid": 0.02059711329638958,
    "comm_band_high": 0.0928809866309166,
    "comm_band_low": 0.1127728521823883,
    "comm_band_mid": 0.07250797748565674,
    "dncnn_entropy": 0.14872397482395172,
    "dncnn_margin": 0.2093450129032135,
    "dncnn_top1_prob": 0.19117112457752228,
    "hfer_dncnn_residual": 0.07556905597448349,
    "hfer_input": 0.01730034500360489,
    "hfer_jpeg20_residual": 0.1196136400103569,
    "identity_entropy": 0.14876502752304077,
    "identity_margin": 0.20887374877929688,
    "identity_top1_prob": 0.19126729667186737,
    "jpeg20_entropy": 0.14899905025959015,
    "jpeg20_margin": 0.2131938487291336,
    "jpeg20_top1_prob": 0.1916327029466629,
    "m_comm": 0.0018968288786709309
  }
}