{
  "corruption": "elastic_transform",
  "feature_names": [
    "hfer_input",
    "m_comm",
    "band_low",
    "band_mid",
    "band_high",
    "comm_band_low",
    "comm_band_mid",
    "comm_band_high",
    "hfer_jpeg20_residual",
    "hfer_dncnn_residual",
    "identity_top1_prob",
    "identity_margin",
    "identity_entropy",
    "dncnn_top1_prob",
    "dncnn_margin",
    "dncnn_entropy",
    "jpeg20_top1_prob",
    "jpeg20_margin",
    "jpeg20_entropy"
  ],
  "image_index_max": 6999,
  "image_index_min": 2000,
  "mean": {
    "band_high": 0.008806182071566582,
    "band_low": 0.9577116966247559,
    "band_mid": 0.03348264470696449,
    "comm_band_high": 0.15781524777412415,
    "comm_band_low": 0.4632357954978943,
    "comm_band_mid": 0.378948450088501,
    "dncnn_entropy": 0.7309193015098572,
    "dncnn_margin": 0.19792629778385162,
    "dncnn_top1_prob": 0.2538408041000366,
    "hfer_dncnn_residual": 0.36289075016975403,
    "hfer_input": 0.01438076514750719,
    "hfer_jpeg20_residual": 0.3742235004901886,
    "identity_entropy": 0.731050968170166,
    "identity_margin": 0.19752970337867737,
    "identity_top1_prob": 0.2535445988178253,
    "jpeg20_entropy": 0.7490614652633667,
    "jpeg20_margin": 0.15391220152378082,
    "jpeg20_top1_prob": 0.2120845466852188,
    "m_comm": 0.00592320691794157
  },
  "n_rows": 5000,
  "npy": "github_package\\data\\derived_imagenetc_features\\features_elastic_transform_2_validation.npy",
  "severity": 2,
  "split": "validation",
  "std": {
    "band_high": 0.009593519382178783,
    "band_low": 0.036351125687360764,
    "band_mid": 0.027893224731087685,
    "comm_band_high": 0.05374728515744209,
    "comm_band_low": 0.10943744331598282,
    "comm_band_mid": 0.07097551971673965,
    "dncnn_entropy": 0.13052822649478912,
    "dncnn_margin": 0.1857624351978302,
    "dncnn_top1_prob": 0.17156049609184265,
    "hfer_dncnn_residual": 0.07234611362218857,
    "hfer_input": 0.01422745268791914,
    "hfer_jpeg20_residual": 0.13895979523658752,
    "identity_entropy": 0.13049279153347015,
    "identity_margin": 0.1851443350315094,
    "identity_top1_prob": 0.1711464524269104,
    "jpeg20_entropy": 0.12929464876651764,
    "jpeg20_margin": 0.17316491901874542,
    "jpeg20_top1_prob": 0.1661166101694107,
    "m_comm": 0.002189796417951584
  }
}