{
  "corruption": "jpeg_compression",
  "feature_names": [
    "hfer_input",
    "m_comm",
    "band_low",
    "band_mid",
    "band_high",
    "comm_band_low",
    "comm_band_mid",
    "comm_band_high",
    "hfer_jpeg20_residual",
    "hfer_dncnn_residual",
    "identity_top1_prob",
    "identity_margin",
    "identity_entropy",
    "dncnn_top1_prob",
    "dncnn_margin",
    "dncnn_entropy",
    "jpeg20_top1_prob",
    "jpeg20_margin",
    "jpeg20_entropy"
  ],
  "image_index_max": 6999,
  "image_index_min": 2000,
  "mean": {
    "band_high": 0.010740002617239952,
    "band_low": 0.9504377841949463,
    "band_mid": 0.03882206231355667,
    "comm_band_high": 0.0952095240354538,
    "comm_band_low": 0.672031044960022,
    "comm_band_mid": 0.23276010155677795,
    "dncnn_entropy": 0.7012712359428406,
    "dncnn_margin": 0.20249217748641968,
    "dncnn_top1_prob": 0.265918105840683,
    "hfer_dncnn_residual": 0.2749253511428833,
    "hfer_input": 0.017189033329486847,
    "hfer_jpeg20_residual": 0.1392856240272522,
    "identity_entropy": 0.7031897902488708,
    "identity_margin": 0.1987927407026291,
    "identity_top1_prob": 0.26206153631210327,
    "jpeg20_entropy": 0.7039179801940918,
    "jpeg20_margin": 0.19666486978530884,
    "jpeg20_top1_prob": 0.2600766718387604,
    "m_comm": 0.0035910559818148613
  },
  "n_rows": 5000,
  "npy": "github_package\\data\\derived_imagenetc_features\\features_jpeg_compression_5_validation.npy",
  "severity": 5,
  "split": "validation",
  "std": {
    "band_high": 0.008443375118076801,
    "band_low": 0.03784720599651337,
    "band_mid": 0.030300559476017952,
    "comm_band_high": 0.03949351981282234,
    "comm_band_low": 0.08039961010217667,
    "comm_band_mid": 0.05279527232050896,
    "dncnn_entropy": 0.14793042838573456,
    "dncnn_margin": 0.20336635410785675,
    "dncnn_top1_prob": 0.1904325783252716,
    "hfer_dncnn_residual": 0.04304468259215355,
    "hfer_input": 0.014005201868712902,
    "hfer_jpeg20_residual": 0.07601705193519592,
    "identity_entropy": 0.148020938038826,
    "identity_margin": 0.20246605575084686,
    "identity_top1_prob": 0.19035087525844574,
    "jpeg20_entropy": 0.14874304831027985,
    "jpeg20_margin": 0.20272183418273926,
    "jpeg20_top1_prob": 0.19092805683612823,
    "m_comm": 0.00144675699993968
  }
}