{
  "corruption": "jpeg_compression",
  "feature_names": [
    "hfer_input",
    "m_comm",
    "band_low",
    "band_mid",
    "band_high",
    "comm_band_low",
    "comm_band_mid",
    "comm_band_high",
    "hfer_jpeg20_residual",
    "hfer_dncnn_residual",
    "identity_top1_prob",
    "identity_margin",
    "identity_entropy",
    "dncnn_top1_prob",
    "dncnn_margin",
    "dncnn_entropy",
    "jpeg20_top1_prob",
    "jpeg20_margin",
    "jpeg20_entropy"
  ],
  "image_index_max": 6999,
  "image_index_min": 2000,
  "mean": {
    "band_high": 0.011249168775975704,
    "band_low": 0.9456716775894165,
    "band_mid": 0.04307960346341133,
    "comm_band_high": 0.11708913743495941,
    "comm_band_low": 0.6107370257377625,
    "comm_band_mid": 0.2721741795539856,
    "dncnn_entropy": 0.6647005081176758,
    "dncnn_margin": 0.26764342188835144,
    "dncnn_top1_prob": 0.3296678960323334,
    "hfer_dncnn_residual": 0.3044528365135193,
    "hfer_input": 0.01926458813250065,
    "hfer_jpeg20_residual": 0.2087869942188263,
    "identity_entropy": 0.6651548743247986,
    "identity_margin": 0.2657807767391205,
    "identity_top1_prob": 0.3280220329761505,
    "jpeg20_entropy": 0.6660345196723938,
    "jpeg20_margin": 0.2625252306461334,
    "jpeg20_top1_prob": 0.32510098814964294,
    "m_comm": 0.00285830139182508
  },
  "n_rows": 5000,
  "npy": "github_package\\data\\derived_imagenetc_features\\features_jpeg_compression_3_validation.npy",
  "severity": 3,
  "split": "validation",
  "std": {
    "band_high": 0.01029204297810793,
    "band_low": 0.04330666363239288,
    "band_mid": 0.034220047295093536,
    "comm_band_high": 0.03649317845702171,
    "comm_band_low": 0.10062618553638458,
    "comm_band_mid": 0.06849367916584015,
    "dncnn_entropy": 0.14987248182296753,
    "dncnn_margin": 0.21577394008636475,
    "dncnn_top1_prob": 0.1923687756061554,
    "hfer_dncnn_residual": 0.04117785021662712,
    "hfer_input": 0.017494268715381622,
    "hfer_jpeg20_residual": 0.08517131209373474,
    "identity_entropy": 0.15041372179985046,
    "identity_margin": 0.2161020040512085,
    "identity_top1_prob": 0.1930590718984604,
    "jpeg20_entropy": 0.151044100522995,
    "jpeg20_margin": 0.2161531150341034,
    "jpeg20_top1_prob": 0.19383901357650757,
    "m_comm": 0.0012200858909636736
  }
}