{
  "corruption": "contrast",
  "feature_names": [
    "hfer_input",
    "m_comm",
    "band_low",
    "band_mid",
    "band_high",
    "comm_band_low",
    "comm_band_mid",
    "comm_band_high",
    "hfer_jpeg20_residual",
    "hfer_dncnn_residual",
    "identity_top1_prob",
    "identity_margin",
    "identity_entropy",
    "dncnn_top1_prob",
    "dncnn_margin",
    "dncnn_entropy",
    "jpeg20_top1_prob",
    "jpeg20_margin",
    "jpeg20_entropy"
  ],
  "image_index_max": 1999,
  "image_index_min": 0,
  "mean": {
    "band_high": 0.018542496487498283,
    "band_low": 0.9352818131446838,
    "band_mid": 0.04617531597614288,
    "comm_band_high": 0.11750120669603348,
    "comm_band_low": 0.5560787916183472,
    "comm_band_mid": 0.3264201283454895,
    "dncnn_entropy": 0.6525360345840454,
    "dncnn_margin": 0.3065544068813324,
    "dncnn_top1_prob": 0.36201635003089905,
    "hfer_dncnn_residual": 0.4910758435726166,
    "hfer_input": 0.028478406369686127,
    "hfer_jpeg20_residual": 0.3486482501029968,
    "identity_entropy": 0.6528223156929016,
    "identity_margin": 0.30517855286598206,
    "identity_top1_prob": 0.36095544695854187,
    "jpeg20_entropy": 0.7069154977798462,
    "jpeg20_margin": 0.1928931027650833,
    "jpeg20_top1_prob": 0.2565213441848755,
    "m_comm": 0.003297732211649418
  },
  "n_rows": 2000,
  "npy": "github_package\\data\\derived_imagenetc_features\\features_contrast_1_search.npy",
  "severity": 1,
  "split": "search",
  "std": {
    "band_high": 0.01998695731163025,
    "band_low": 0.054336559027433395,
    "band_mid": 0.036963604390621185,
    "comm_band_high": 0.04095008969306946,
    "comm_band_low": 0.12572145462036133,
    "comm_band_mid": 0.09343057870864868,
    "dncnn_entropy": 0.14548811316490173,
    "dncnn_margin": 0.20949606597423553,
    "dncnn_top1_prob": 0.18371164798736572,
    "hfer_dncnn_residual": 0.0797908678650856,
    "hfer_input": 0.028448067605495453,
    "hfer_jpeg20_residual": 0.13243497908115387,
    "identity_entropy": 0.14534611999988556,
    "identity_margin": 0.2096894532442093,
    "identity_top1_prob": 0.18396741151809692,
    "jpeg20_entropy": 0.14710299670696259,
    "jpeg20_margin": 0.1986275613307953,
    "jpeg20_top1_prob": 0.18796540796756744,
    "m_comm": 0.0010625874856486917
  }
}