{
  "corruption": "elastic_transform",
  "feature_names": [
    "hfer_input",
    "m_comm",
    "band_low",
    "band_mid",
    "band_high",
    "comm_band_low",
    "comm_band_mid",
    "comm_band_high",
    "hfer_jpeg20_residual",
    "hfer_dncnn_residual",
    "identity_top1_prob",
    "identity_margin",
    "identity_entropy",
    "dncnn_top1_prob",
    "dncnn_margin",
    "dncnn_entropy",
    "jpeg20_top1_prob",
    "jpeg20_margin",
    "jpeg20_entropy"
  ],
  "image_index_max": 6999,
  "image_index_min": 2000,
  "mean": {
    "band_high": 0.0062093585729599,
    "band_low": 0.9641779065132141,
    "band_mid": 0.02961125411093235,
    "comm_band_high": 0.1467626690864563,
    "comm_band_low": 0.4780702590942383,
    "comm_band_mid": 0.3751680850982666,
    "dncnn_entropy": 0.6723615527153015,
    "dncnn_margin": 0.286682665348053,
    "dncnn_top1_prob": 0.34093448519706726,
    "hfer_dncnn_residual": 0.35257890820503235,
    "hfer_input": 0.010845962911844254,
    "hfer_jpeg20_residual": 0.33745715022087097,
    "identity_entropy": 0.6726118922233582,
    "identity_margin": 0.285955548286438,
    "identity_top1_prob": 0.34040960669517517,
    "jpeg20_entropy": 0.6913734674453735,
    "jpeg20_margin": 0.23623883724212646,
    "jpeg20_top1_prob": 0.2967090606689453,
    "m_comm": 0.005676924716681242
  },
  "n_rows": 5000,
  "npy": "github_package\\data\\derived_imagenetc_features\\features_elastic_transform_1_validation.npy",
  "severity": 1,
  "split": "validation",
  "std": {
    "band_high": 0.0056206462904810905,
    "band_low": 0.028083691373467445,
    "band_mid": 0.023381635546684265,
    "comm_band_high": 0.04577815905213356,
    "comm_band_low": 0.10771038383245468,
    "comm_band_mid": 0.07322559505701065,
    "dncnn_entropy": 0.14154814183712006,
    "dncnn_margin": 0.20350603759288788,
    "dncnn_top1_prob": 0.1788853108882904,
    "hfer_dncnn_residual": 0.07150708138942719,
    "hfer_input": 0.009445005096495152,
    "hfer_jpeg20_residual": 0.12265580892562866,
    "identity_entropy": 0.14115449786186218,
    "identity_margin": 0.20308177173137665,
    "identity_top1_prob": 0.17848677933216095,
    "jpeg20_entropy": 0.14494486153125763,
    "jpeg20_margin": 0.2051491141319275,
    "jpeg20_top1_prob": 0.18602998554706573,
    "m_comm": 0.0019815650302916765
  }
}