{
  "corruption": "pixelate",
  "feature_names": [
    "hfer_input",
    "m_comm",
    "band_low",
    "band_mid",
    "band_high",
    "comm_band_low",
    "comm_band_mid",
    "comm_band_high",
    "hfer_jpeg20_residual",
    "hfer_dncnn_residual",
    "identity_top1_prob",
    "identity_margin",
    "identity_entropy",
    "dncnn_top1_prob",
    "dncnn_margin",
    "dncnn_entropy",
    "jpeg20_top1_prob",
    "jpeg20_margin",
    "jpeg20_entropy"
  ],
  "image_index_max": 6999,
  "image_index_min": 2000,
  "mean": {
    "band_high": 0.014367152005434036,
    "band_low": 0.9599918127059937,
    "band_mid": 0.02564070373773575,
    "comm_band_high": 0.14572133123874664,
    "comm_band_low": 0.5951323509216309,
    "comm_band_mid": 0.2591460347175598,
    "dncnn_entropy": 0.8074016571044922,
    "dncnn_margin": 0.08554007858037949,
    "dncnn_top1_prob": 0.13244645297527313,
    "hfer_dncnn_residual": 0.39941391348838806,
    "hfer_input": 0.01956343464553356,
    "hfer_jpeg20_residual": 0.42157959938049316,
    "identity_entropy": 0.8138052821159363,
    "identity_margin": 0.08173015713691711,
    "identity_top1_prob": 0.12693201005458832,
    "jpeg20_entropy": 0.7771371006965637,
    "jpeg20_margin": 0.10208030045032501,
    "jpeg20_top1_prob": 0.15706057846546173,
    "m_comm": 0.004690374713391066
  },
  "n_rows": 5000,
  "npy": "github_package\\data\\derived_imagenetc_features\\features_pixelate_5_validation.npy",
  "severity": 5,
  "split": "validation",
  "std": {
    "band_high": 0.008078057318925858,
    "band_low": 0.020328575745224953,
    "band_mid": 0.012325096875429153,
    "comm_band_high": 0.09051112085580826,
    "comm_band_low": 0.09906692802906036,
    "comm_band_mid": 0.055729933083057404,
    "dncnn_entropy": 0.11576399952173233,
    "dncnn_margin": 0.13036559522151947,
    "dncnn_top1_prob": 0.13562747836112976,
    "hfer_dncnn_residual": 0.07051071524620056,
    "hfer_input": 0.00966187659651041,
    "hfer_jpeg20_residual": 0.11031033843755722,
    "identity_entropy": 0.11392056941986084,
    "identity_margin": 0.12710776925086975,
    "identity_top1_prob": 0.13266101479530334,
    "jpeg20_entropy": 0.12176238000392914,
    "jpeg20_margin": 0.1441125124692917,
    "jpeg20_top1_prob": 0.14665089547634125,
    "m_comm": 0.001442591892555356
  }
}