{
  "corruption": "elastic_transform",
  "feature_names": [
    "hfer_input",
    "m_comm",
    "band_low",
    "band_mid",
    "band_high",
    "comm_band_low",
    "comm_band_mid",
    "comm_band_high",
    "hfer_jpeg20_residual",
    "hfer_dncnn_residual",
    "identity_top1_prob",
    "identity_margin",
    "identity_entropy",
    "dncnn_top1_prob",
    "dncnn_margin",
    "dncnn_entropy",
    "jpeg20_top1_prob",
    "jpeg20_margin",
    "jpeg20_entropy"
  ],
  "image_index_max": 1999,
  "image_index_min": 0,
  "mean": {
    "band_high": 0.010183943435549736,
    "band_low": 0.954359233379364,
    "band_mid": 0.035457171499729156,
    "comm_band_high": 0.1581321656703949,
    "comm_band_low": 0.46115949749946594,
    "comm_band_mid": 0.38070839643478394,
    "dncnn_entropy": 0.7313724756240845,
    "dncnn_margin": 0.1934666931629181,
    "dncnn_top1_prob": 0.25029709935188293,
    "hfer_dncnn_residual": 0.36080729961395264,
    "hfer_input": 0.016235679388046265,
    "hfer_jpeg20_residual": 0.37448850274086,
    "identity_entropy": 0.7317065596580505,
    "identity_margin": 0.19275043904781342,
    "identity_top1_prob": 0.24962130188941956,
    "jpeg20_entropy": 0.7475423812866211,
    "jpeg20_margin": 0.1540665626525879,
    "jpeg20_top1_prob": 0.21333134174346924,
    "m_comm": 0.006099095568060875
  },
  "n_rows": 2000,
  "npy": "github_package\\data\\derived_imagenetc_features\\features_elastic_transform_2_search.npy",
  "severity": 2,
  "split": "search",
  "std": {
    "band_high": 0.021652420982718468,
    "band_low": 0.05219757929444313,
    "band_mid": 0.033285271376371384,
    "comm_band_high": 0.05444508418440819,
    "comm_band_low": 0.1112731546163559,
    "comm_band_mid": 0.07191376388072968,
    "dncnn_entropy": 0.12924250960350037,
    "dncnn_margin": 0.18361571431159973,
    "dncnn_top1_prob": 0.17017583549022675,
    "hfer_dncnn_residual": 0.07593021541833878,
    "hfer_input": 0.02865581028163433,
    "hfer_jpeg20_residual": 0.14261984825134277,
    "identity_entropy": 0.12931649386882782,
    "identity_margin": 0.1828518509864807,
    "identity_top1_prob": 0.16969770193099976,
    "jpeg20_entropy": 0.1313471645116806,
    "jpeg20_margin": 0.17322251200675964,
    "jpeg20_top1_prob": 0.16672392189502716,
    "m_comm": 0.002304277615621686
  }
}