{
  "corruption": "jpeg_compression",
  "feature_names": [
    "hfer_input",
    "m_comm",
    "band_low",
    "band_mid",
    "band_high",
    "comm_band_low",
    "comm_band_mid",
    "comm_band_high",
    "hfer_jpeg20_residual",
    "hfer_dncnn_residual",
    "identity_top1_prob",
    "identity_margin",
    "identity_entropy",
    "dncnn_top1_prob",
    "dncnn_margin",
    "dncnn_entropy",
    "jpeg20_top1_prob",
    "jpeg20_margin",
    "jpeg20_entropy"
  ],
  "image_index_max": 1999,
  "image_index_min": 0,
  "mean": {
    "band_high": 0.011833933182060719,
    "band_low": 0.9434248208999634,
    "band_mid": 0.044740717858076096,
    "comm_band_high": 0.112552210688591,
    "comm_band_low": 0.6569921374320984,
    "comm_band_mid": 0.23045563697814941,
    "dncnn_entropy": 0.661216139793396,
    "dncnn_margin": 0.27557605504989624,
    "dncnn_top1_prob": 0.33731773495674133,
    "hfer_dncnn_residual": 0.33178848028182983,
    "hfer_input": 0.020371848717331886,
    "hfer_jpeg20_residual": 0.14996476471424103,
    "identity_entropy": 0.6619880199432373,
    "identity_margin": 0.2738155424594879,
    "identity_top1_prob": 0.3357161283493042,
    "jpeg20_entropy": 0.6625412702560425,
    "jpeg20_margin": 0.27276116609573364,
    "jpeg20_top1_prob": 0.33471307158470154,
    "m_comm": 0.0031090774573385715
  },
  "n_rows": 2000,
  "npy": "github_package\\data\\derived_imagenetc_features\\features_jpeg_compression_2_search.npy",
  "severity": 2,
  "split": "search",
  "std": {
    "band_high": 0.01148710586130619,
    "band_low": 0.04695005342364311,
    "band_mid": 0.03705374151468277,
    "comm_band_high": 0.027606721967458725,
    "comm_band_low": 0.07751010358333588,
    "comm_band_mid": 0.055077407509088516,
    "dncnn_entropy": 0.1518101692199707,
    "dncnn_margin": 0.21724584698677063,
    "dncnn_top1_prob": 0.19330435991287231,
    "hfer_dncnn_residual": 0.04431946948170662,
    "hfer_input": 0.01934686303138733,
    "hfer_jpeg20_residual": 0.05358302965760231,
    "identity_entropy": 0.152129128575325,
    "identity_margin": 0.21685262024402618,
    "identity_top1_prob": 0.19341157376766205,
    "jpeg20_entropy": 0.15122121572494507,
    "jpeg20_margin": 0.21647022664546967,
    "jpeg20_top1_prob": 0.19309456646442413,
    "m_comm": 0.00106769276317209
  }
}