{
  "corruption": "pixelate",
  "feature_names": [
    "hfer_input",
    "m_comm",
    "band_low",
    "band_mid",
    "band_high",
    "comm_band_low",
    "comm_band_mid",
    "comm_band_high",
    "hfer_jpeg20_residual",
    "hfer_dncnn_residual",
    "identity_top1_prob",
    "identity_margin",
    "identity_entropy",
    "dncnn_top1_prob",
    "dncnn_margin",
    "dncnn_entropy",
    "jpeg20_top1_prob",
    "jpeg20_margin",
    "jpeg20_entropy"
  ],
  "image_index_max": 1999,
  "image_index_min": 0,
  "mean": {
    "band_high": 0.020884085446596146,
    "band_low": 0.9487586617469788,
    "band_mid": 0.030357712879776955,
    "comm_band_high": 0.21127930283546448,
    "comm_band_low": 0.43804559111595154,
    "comm_band_mid": 0.35067474842071533,
    "dncnn_entropy": 0.6638767123222351,
    "dncnn_margin": 0.2761966288089752,
    "dncnn_top1_prob": 0.33671674132347107,
    "hfer_dncnn_residual": 0.393909215927124,
    "hfer_input": 0.026924923062324524,
    "hfer_jpeg20_residual": 0.5543105006217957,
    "identity_entropy": 0.6634453535079956,
    "identity_margin": 0.27618736028671265,
    "identity_top1_prob": 0.3368661105632782,
    "jpeg20_entropy": 0.6686051487922668,
    "jpeg20_margin": 0.2625400722026825,
    "jpeg20_top1_prob": 0.32432833313941956,
    "m_comm": 0.005938792135566473
  },
  "n_rows": 2000,
  "npy": "github_package\\data\\derived_imagenetc_features\\features_pixelate_1_search.npy",
  "severity": 1,
  "split": "search",
  "std": {
    "band_high": 0.015347296372056007,
    "band_low": 0.04001558572053909,
    "band_mid": 0.025264764204621315,
    "comm_band_high": 0.09512684494256973,
    "comm_band_low": 0.11723282933235168,
    "comm_band_mid": 0.07401689887046814,
    "dncnn_entropy": 0.14762817323207855,
    "dncnn_margin": 0.21495048701763153,
    "dncnn_top1_prob": 0.1904066652059555,
    "hfer_dncnn_residual": 0.077055923640728,
    "hfer_input": 0.020302895456552505,
    "hfer_jpeg20_residual": 0.1249275878071785,
    "identity_entropy": 0.14743749797344208,
    "identity_margin": 0.21475061774253845,
    "identity_top1_prob": 0.1903429925441742,
    "jpeg20_entropy": 0.15330198407173157,
    "jpeg20_margin": 0.2167205661535263,
    "jpeg20_top1_prob": 0.1952255517244339,
    "m_comm": 0.0020294927526265383
  }
}