{
  "corruption": "contrast",
  "feature_names": [
    "hfer_input",
    "m_comm",
    "band_low",
    "band_mid",
    "band_high",
    "comm_band_low",
    "comm_band_mid",
    "comm_band_high",
    "hfer_jpeg20_residual",
    "hfer_dncnn_residual",
    "identity_top1_prob",
    "identity_margin",
    "identity_entropy",
    "dncnn_top1_prob",
    "dncnn_margin",
    "dncnn_entropy",
    "jpeg20_top1_prob",
    "jpeg20_margin",
    "jpeg20_entropy"
  ],
  "image_index_max": 6999,
  "image_index_min": 2000,
  "mean": {
    "band_high": 0.015707246959209442,
    "band_low": 0.9384737014770508,
    "band_mid": 0.045820336788892746,
    "comm_band_high": 0.0818694606423378,
    "comm_band_low": 0.6946707367897034,
    "comm_band_mid": 0.22346040606498718,
    "dncnn_entropy": 0.660816490650177,
    "dncnn_margin": 0.2798892557621002,
    "dncnn_top1_prob": 0.33993086218833923,
    "hfer_dncnn_residual": 0.5390529036521912,
    "hfer_input": 0.025391461327672005,
    "hfer_jpeg20_residual": 0.21261811256408691,
    "identity_entropy": 0.6620635986328125,
    "identity_margin": 0.27792298793792725,
    "identity_top1_prob": 0.3379504680633545,
    "jpeg20_entropy": 0.8095877170562744,
    "jpeg20_margin": 0.08284467458724976,
    "jpeg20_top1_prob": 0.13067111372947693,
    "m_comm": 0.002015808131545782
  },
  "n_rows": 5000,
  "npy": "github_package\\data\\derived_imagenetc_features\\features_contrast_3_validation.npy",
  "severity": 3,
  "split": "validation",
  "std": {
    "band_high": 0.015176462940871716,
    "band_low": 0.048878263682127,
    "band_mid": 0.035163190215826035,
    "comm_band_high": 0.024755360558629036,
    "comm_band_low": 0.10973553359508514,
    "comm_band_mid": 0.08751850575208664,
    "dncnn_entropy": 0.14581172168254852,
    "dncnn_margin": 0.2110908329486847,
    "dncnn_top1_prob": 0.18680201470851898,
    "hfer_dncnn_residual": 0.0525965690612793,
    "hfer_input": 0.023547444492578506,
    "hfer_jpeg20_residual": 0.09088492393493652,
    "identity_entropy": 0.14547455310821533,
    "identity_margin": 0.2106885015964508,
    "identity_top1_prob": 0.1867075115442276,
    "jpeg20_entropy": 0.11342702805995941,
    "jpeg20_margin": 0.12713655829429626,
    "jpeg20_top1_prob": 0.13196268677711487,
    "m_comm": 0.000633039278909564
  }
}