{
  "corruption": "pixelate",
  "feature_names": [
    "hfer_input",
    "m_comm",
    "band_low",
    "band_mid",
    "band_high",
    "comm_band_low",
    "comm_band_mid",
    "comm_band_high",
    "hfer_jpeg20_residual",
    "hfer_dncnn_residual",
    "identity_top1_prob",
    "identity_margin",
    "identity_entropy",
    "dncnn_top1_prob",
    "dncnn_margin",
    "dncnn_entropy",
    "jpeg20_top1_prob",
    "jpeg20_margin",
    "jpeg20_entropy"
  ],
  "image_index_max": 1999,
  "image_index_min": 0,
  "mean": {
    "band_high": 0.018846195191144943,
    "band_low": 0.9557986259460449,
    "band_mid": 0.02535531111061573,
    "comm_band_high": 0.21532876789569855,
    "comm_band_low": 0.4474785625934601,
    "comm_band_mid": 0.337192177772522,
    "dncnn_entropy": 0.70713210105896,
    "dncnn_margin": 0.2033892720937729,
    "dncnn_top1_prob": 0.26474520564079285,
    "hfer_dncnn_residual": 0.3975709080696106,
    "hfer_input": 0.026118291541934013,
    "hfer_jpeg20_residual": 0.5400025844573975,
    "identity_entropy": 0.7067169547080994,
    "identity_margin": 0.20261041820049286,
    "identity_top1_prob": 0.26426994800567627,
    "jpeg20_entropy": 0.6866856813430786,
    "jpeg20_margin": 0.22883497178554535,
    "jpeg20_top1_prob": 0.2924463450908661,
    "m_comm": 0.005507469177246094
  },
  "n_rows": 2000,
  "npy": "github_package\\data\\derived_imagenetc_features\\features_pixelate_3_search.npy",
  "severity": 3,
  "split": "search",
  "std": {
    "band_high": 0.01118399016559124,
    "band_low": 0.030598191544413567,
    "band_mid": 0.019998762756586075,
    "comm_band_high": 0.09355874359607697,
    "comm_band_low": 0.11514116823673248,
    "comm_band_mid": 0.07140231877565384,
    "dncnn_entropy": 0.1510663777589798,
    "dncnn_margin": 0.20653550326824188,
    "dncnn_top1_prob": 0.1932978630065918,
    "hfer_dncnn_residual": 0.07604946941137314,
    "hfer_input": 0.016479425132274628,
    "hfer_jpeg20_residual": 0.11132770031690598,
    "identity_entropy": 0.1520788073539734,
    "identity_margin": 0.2075316160917282,
    "identity_top1_prob": 0.19428084790706635,
    "jpeg20_entropy": 0.1488802582025528,
    "jpeg20_margin": 0.21071431040763855,
    "jpeg20_top1_prob": 0.1931658685207367,
    "m_comm": 0.0018007184844464064
  }
}