{
  "corruption": "elastic_transform",
  "feature_names": [
    "hfer_input",
    "m_comm",
    "band_low",
    "band_mid",
    "band_high",
    "comm_band_low",
    "comm_band_mid",
    "comm_band_high",
    "hfer_jpeg20_residual",
    "hfer_dncnn_residual",
    "identity_top1_prob",
    "identity_margin",
    "identity_entropy",
    "dncnn_top1_prob",
    "dncnn_margin",
    "dncnn_entropy",
    "jpeg20_top1_prob",
    "jpeg20_margin",
    "jpeg20_entropy"
  ],
  "image_index_max": 1999,
  "image_index_min": 0,
  "mean": {
    "band_high": 0.007058110553771257,
    "band_low": 0.9627781510353088,
    "band_mid": 0.030163684859871864,
    "comm_band_high": 0.15075410902500153,
    "comm_band_low": 0.4659612774848938,
    "comm_band_mid": 0.38328468799591064,
    "dncnn_entropy": 0.7122029066085815,
    "dncnn_margin": 0.2190265655517578,
    "dncnn_top1_prob": 0.27735868096351624,
    "hfer_dncnn_residual": 0.35616353154182434,
    "hfer_input": 0.011974766850471497,
    "hfer_jpeg20_residual": 0.36499759554862976,
    "identity_entropy": 0.7115558385848999,
    "identity_margin": 0.2191852629184723,
    "identity_top1_prob": 0.27784544229507446,
    "jpeg20_entropy": 0.7025078535079956,
    "jpeg20_margin": 0.21177299320697784,
    "jpeg20_top1_prob": 0.2744823396205902,
    "m_comm": 0.005836848169565201
  },
  "n_rows": 2000,
  "npy": "github_package\\data\\derived_imagenetc_features\\features_elastic_transform_3_search.npy",
  "severity": 3,
  "split": "search",
  "std": {
    "band_high": 0.0059797619469463825,
    "band_low": 0.02987063303589821,
    "band_mid": 0.024716954678297043,
    "comm_band_high": 0.04355328157544136,
    "comm_band_low": 0.10500689595937729,
    "comm_band_mid": 0.06987360119819641,
    "dncnn_entropy": 0.13243994116783142,
    "dncnn_margin": 0.19183403253555298,
    "dncnn_top1_prob": 0.1752467304468155,
    "hfer_dncnn_residual": 0.07212454825639725,
    "hfer_input": 0.009981190785765648,
    "hfer_jpeg20_residual": 0.123921699821949,
    "identity_entropy": 0.13210944831371307,
    "identity_margin": 0.19240300357341766,
    "identity_top1_prob": 0.17532606422901154,
    "jpeg20_entropy": 0.1435520499944687,
    "jpeg20_margin": 0.20112411677837372,
    "jpeg20_top1_prob": 0.18622484803199768,
    "m_comm": 0.0019519568886607885
  }
}