{
  "corruption": "contrast",
  "feature_names": [
    "hfer_input",
    "m_comm",
    "band_low",
    "band_mid",
    "band_high",
    "comm_band_low",
    "comm_band_mid",
    "comm_band_high",
    "hfer_jpeg20_residual",
    "hfer_dncnn_residual",
    "identity_top1_prob",
    "identity_margin",
    "identity_entropy",
    "dncnn_top1_prob",
    "dncnn_margin",
    "dncnn_entropy",
    "jpeg20_top1_prob",
    "jpeg20_margin",
    "jpeg20_entropy"
  ],
  "image_index_max": 6999,
  "image_index_min": 2000,
  "mean": {
    "band_high": 0.016931332647800446,
    "band_low": 0.9369404315948486,
    "band_mid": 0.04612830653786659,
    "comm_band_high": 0.08843845129013062,
    "comm_band_low": 0.7655429840087891,
    "comm_band_mid": 0.1460176557302475,
    "dncnn_entropy": 0.7623664736747742,
    "dncnn_margin": 0.14149335026741028,
    "dncnn_top1_prob": 0.19532737135887146,
    "hfer_dncnn_residual": 0.5023508071899414,
    "hfer_input": 0.02539394609630108,
    "hfer_jpeg20_residual": 0.07601576298475266,
    "identity_entropy": 0.7786489129066467,
    "identity_margin": 0.1268986165523529,
    "identity_top1_prob": 0.1775997132062912,
    "jpeg20_entropy": 0.8960087895393372,
    "jpeg20_margin": 0.01941336877644062,
    "jpeg20_top1_prob": 0.0453299917280674,
    "m_comm": 0.0010054002050310373
  },
  "n_rows": 5000,
  "npy": "github_package\\data\\derived_imagenetc_features\\features_contrast_5_validation.npy",
  "severity": 5,
  "split": "validation",
  "std": {
    "band_high": 0.010361107997596264,
    "band_low": 0.04220030456781387,
    "band_mid": 0.03261006996035576,
    "comm_band_high": 0.04998466372489929,
    "comm_band_low": 0.11354367434978485,
    "comm_band_mid": 0.06987037509679794,
    "dncnn_entropy": 0.14474299550056458,
    "dncnn_margin": 0.17966493964195251,
    "dncnn_top1_prob": 0.17728573083877563,
    "hfer_dncnn_residual": 0.051448140293359756,
    "hfer_input": 0.01658872328698635,
    "hfer_jpeg20_residual": 0.031117403879761696,
    "identity_entropy": 0.14132723212242126,
    "identity_margin": 0.17206138372421265,
    "identity_top1_prob": 0.17137637734413147,
    "jpeg20_entropy": 0.028844302520155907,
    "jpeg20_margin": 0.02629721537232399,
    "jpeg20_top1_prob": 0.03019935078918934,
    "m_comm": 0.00033403432462364435
  }
}