{
  "corruption": "pixelate",
  "feature_names": [
    "hfer_input",
    "m_comm",
    "band_low",
    "band_mid",
    "band_high",
    "comm_band_low",
    "comm_band_mid",
    "comm_band_high",
    "hfer_jpeg20_residual",
    "hfer_dncnn_residual",
    "identity_top1_prob",
    "identity_margin",
    "identity_entropy",
    "dncnn_top1_prob",
    "dncnn_margin",
    "dncnn_entropy",
    "jpeg20_top1_prob",
    "jpeg20_margin",
    "jpeg20_entropy"
  ],
  "image_index_max": 1999,
  "image_index_min": 0,
  "mean": {
    "band_high": 0.014594546519219875,
    "band_low": 0.9593887329101562,
    "band_mid": 0.026016687974333763,
    "comm_band_high": 0.1486862450838089,
    "comm_band_low": 0.592643678188324,
    "comm_band_mid": 0.2586701512336731,
    "dncnn_entropy": 0.809807538986206,
    "dncnn_margin": 0.08374813944101334,
    "dncnn_top1_prob": 0.13003012537956238,
    "hfer_dncnn_residual": 0.39688292145729065,
    "hfer_input": 0.019828716292977333,
    "hfer_jpeg20_residual": 0.41868099570274353,
    "identity_entropy": 0.8165624737739563,
    "identity_margin": 0.07881097495555878,
    "identity_top1_prob": 0.12350272387266159,
    "jpeg20_entropy": 0.7798681259155273,
    "jpeg20_margin": 0.10038740932941437,
    "jpeg20_top1_prob": 0.15386174619197845,
    "m_comm": 0.0047730025835335255
  },
  "n_rows": 2000,
  "npy": "github_package\\data\\derived_imagenetc_features\\features_pixelate_5_search.npy",
  "severity": 5,
  "split": "search",
  "std": {
    "band_high": 0.00835329294204712,
    "band_low": 0.021002313122153282,
    "band_mid": 0.0127495639026165,
    "comm_band_high": 0.09460034966468811,
    "comm_band_low": 0.10312609374523163,
    "comm_band_mid": 0.05761336907744408,
    "dncnn_entropy": 0.11618098616600037,
    "dncnn_margin": 0.1322893649339676,
    "dncnn_top1_prob": 0.13718965649604797,
    "hfer_dncnn_residual": 0.07143478095531464,
    "hfer_input": 0.009869905188679695,
    "hfer_jpeg20_residual": 0.11352432519197464,
    "identity_entropy": 0.11443854868412018,
    "identity_margin": 0.12842115759849548,
    "identity_top1_prob": 0.1338079422712326,
    "jpeg20_entropy": 0.12324320524930954,
    "jpeg20_margin": 0.15014474093914032,
    "jpeg20_top1_prob": 0.15077629685401917,
    "m_comm": 0.0014241774333640933
  }
}