{
  "corruption": "pixelate",
  "feature_names": [
    "hfer_input",
    "m_comm",
    "band_low",
    "band_mid",
    "band_high",
    "comm_band_low",
    "comm_band_mid",
    "comm_band_high",
    "hfer_jpeg20_residual",
    "hfer_dncnn_residual",
    "identity_top1_prob",
    "identity_margin",
    "identity_entropy",
    "dncnn_top1_prob",
    "dncnn_margin",
    "dncnn_entropy",
    "jpeg20_top1_prob",
    "jpeg20_margin",
    "jpeg20_entropy"
  ],
  "image_index_max": 1999,
  "image_index_min": 0,
  "mean": {
    "band_high": 0.021040959283709526,
    "band_low": 0.9519655108451843,
    "band_mid": 0.026993999257683754,
    "comm_band_high": 0.19060686230659485,
    "comm_band_low": 0.48183688521385193,
    "comm_band_mid": 0.3275565505027771,
    "dncnn_entropy": 0.6853721737861633,
    "dncnn_margin": 0.23505590856075287,
    "dncnn_top1_prob": 0.2975088059902191,
    "hfer_dncnn_residual": 0.38602569699287415,
    "hfer_input": 0.026348717510700226,
    "hfer_jpeg20_residual": 0.5267959833145142,
    "identity_entropy": 0.6876087188720703,
    "identity_margin": 0.23148253560066223,
    "identity_top1_prob": 0.29387539625167847,
    "jpeg20_entropy": 0.6677602529525757,
    "jpeg20_margin": 0.2578475773334503,
    "jpeg20_top1_prob": 0.32183200120925903,
    "m_comm": 0.005675159394741058
  },
  "n_rows": 2000,
  "npy": "github_package\\data\\derived_imagenetc_features\\features_pixelate_2_search.npy",
  "severity": 2,
  "split": "search",
  "std": {
    "band_high": 0.014095357619225979,
    "band_low": 0.03658350184559822,
    "band_mid": 0.022993741557002068,
    "comm_band_high": 0.09168130159378052,
    "comm_band_low": 0.11545967310667038,
    "comm_band_mid": 0.07256385684013367,
    "dncnn_entropy": 0.14809472858905792,
    "dncnn_margin": 0.2084432691335678,
    "dncnn_top1_prob": 0.1910228729248047,
    "hfer_dncnn_residual": 0.07662894576787949,
    "hfer_input": 0.018286602571606636,
    "hfer_jpeg20_residual": 0.12313174456357956,
    "identity_entropy": 0.1483648717403412,
    "identity_margin": 0.20816002786159515,
    "identity_top1_prob": 0.1915738433599472,
    "jpeg20_entropy": 0.15105965733528137,
    "jpeg20_margin": 0.21459105610847473,
    "jpeg20_top1_prob": 0.19300922751426697,
    "m_comm": 0.0019043062347918749
  }
}