{
  "corruption": "jpeg_compression",
  "feature_names": [
    "hfer_input",
    "m_comm",
    "band_low",
    "band_mid",
    "band_high",
    "comm_band_low",
    "comm_band_mid",
    "comm_band_high",
    "hfer_jpeg20_residual",
    "hfer_dncnn_residual",
    "identity_top1_prob",
    "identity_margin",
    "identity_entropy",
    "dncnn_top1_prob",
    "dncnn_margin",
    "dncnn_entropy",
    "jpeg20_top1_prob",
    "jpeg20_margin",
    "jpeg20_entropy"
  ],
  "image_index_max": 6999,
  "image_index_min": 2000,
  "mean": {
    "band_high": 0.010683593340218067,
    "band_low": 0.9480586051940918,
    "band_mid": 0.04125867784023285,
    "comm_band_high": 0.16295599937438965,
    "comm_band_low": 0.4378300905227661,
    "comm_band_mid": 0.39921385049819946,
    "dncnn_entropy": 0.6761409044265747,
    "dncnn_margin": 0.24336528778076172,
    "dncnn_top1_prob": 0.30641016364097595,
    "hfer_dncnn_residual": 0.2984047532081604,
    "hfer_input": 0.01791766844689846,
    "hfer_jpeg20_residual": 0.30827122926712036,
    "identity_entropy": 0.6781909465789795,
    "identity_margin": 0.2392469048500061,
    "identity_top1_prob": 0.30249935388565063,
    "jpeg20_entropy": 0.678273618221283,
    "jpeg20_margin": 0.23865288496017456,
    "jpeg20_top1_prob": 0.30200135707855225,
    "m_comm": 0.0024662169162184
  },
  "n_rows": 5000,
  "npy": "github_package\\data\\derived_imagenetc_features\\features_jpeg_compression_4_validation.npy",
  "severity": 4,
  "split": "validation",
  "std": {
    "band_high": 0.00895844865590334,
    "band_low": 0.04076607897877693,
    "band_mid": 0.032773829996585846,
    "comm_band_high": 0.05704033002257347,
    "comm_band_low": 0.12815992534160614,
    "comm_band_mid": 0.1024196520447731,
    "dncnn_entropy": 0.1502968817949295,
    "dncnn_margin": 0.2125331312417984,
    "dncnn_top1_prob": 0.19369611144065857,
    "hfer_dncnn_residual": 0.040839266031980515,
    "hfer_input": 0.015435553155839443,
    "hfer_jpeg20_residual": 0.13426101207733154,
    "identity_entropy": 0.15025712549686432,
    "identity_margin": 0.21207548677921295,
    "identity_top1_prob": 0.19379006326198578,
    "jpeg20_entropy": 0.15069188177585602,
    "jpeg20_margin": 0.21286405622959137,
    "jpeg20_top1_prob": 0.194487527012825,
    "m_comm": 0.0011893855407834053
  }
}