{
  "corruption": "pixelate",
  "feature_names": [
    "hfer_input",
    "m_comm",
    "band_low",
    "band_mid",
    "band_high",
    "comm_band_low",
    "comm_band_mid",
    "comm_band_high",
    "hfer_jpeg20_residual",
    "hfer_dncnn_residual",
    "identity_top1_prob",
    "identity_margin",
    "identity_entropy",
    "dncnn_top1_prob",
    "dncnn_margin",
    "dncnn_entropy",
    "jpeg20_top1_prob",
    "jpeg20_margin",
    "jpeg20_entropy"
  ],
  "image_index_max": 16999,
  "image_index_min": 7000,
  "mean": {
    "band_high": 0.01562965102493763,
    "band_low": 0.9579932689666748,
    "band_mid": 0.026377880945801735,
    "comm_band_high": 0.2013174593448639,
    "comm_band_low": 0.47017285227775574,
    "comm_band_mid": 0.32850947976112366,
    "dncnn_entropy": 0.7485172152519226,
    "dncnn_margin": 0.1366582065820694,
    "dncnn_top1_prob": 0.19654688239097595,
    "hfer_dncnn_residual": 0.40962567925453186,
    "hfer_input": 0.022097662091255188,
    "hfer_jpeg20_residual": 0.5141307711601257,
    "identity_entropy": 0.7496936321258545,
    "identity_margin": 0.13529588282108307,
    "identity_top1_prob": 0.19481202960014343,
    "jpeg20_entropy": 0.7193323969841003,
    "jpeg20_margin": 0.17880232632160187,
    "jpeg20_top1_prob": 0.2412266880273819,
    "m_comm": 0.005136168096214533
  },
  "n_rows": 10000,
  "npy": "github_package\\data\\derived_imagenetc_features_test\\features_pixelate_4_test.npy",
  "severity": 4,
  "split": "test",
  "std": {
    "band_high": 0.008433128707110882,
    "band_low": 0.024486402049660683,
    "band_mid": 0.01614847220480442,
    "comm_band_high": 0.09853878617286682,
    "comm_band_low": 0.10895264148712158,
    "comm_band_mid": 0.06968171149492264,
    "dncnn_entropy": 0.13418976962566376,
    "dncnn_margin": 0.1704430729150772,
    "dncnn_top1_prob": 0.16638772189617157,
    "hfer_dncnn_residual": 0.07179868221282959,
    "hfer_input": 0.01130745094269514,
    "hfer_jpeg20_residual": 0.10352850705385208,
    "identity_entropy": 0.13432222604751587,
    "identity_margin": 0.16963616013526917,
    "identity_top1_prob": 0.1660289168357849,
    "jpeg20_entropy": 0.14313258230686188,
    "jpeg20_margin": 0.19330042600631714,
    "jpeg20_top1_prob": 0.1833363026380539,
    "m_comm": 0.0017120243282988667
  }
}