{
  "corruption": "jpeg_compression",
  "feature_names": [
    "hfer_input",
    "m_comm",
    "band_low",
    "band_mid",
    "band_high",
    "comm_band_low",
    "comm_band_mid",
    "comm_band_high",
    "hfer_jpeg20_residual",
    "hfer_dncnn_residual",
    "identity_top1_prob",
    "identity_margin",
    "identity_entropy",
    "dncnn_top1_prob",
    "dncnn_margin",
    "dncnn_entropy",
    "jpeg20_top1_prob",
    "jpeg20_margin",
    "jpeg20_entropy"
  ],
  "image_index_max": 16999,
  "image_index_min": 7000,
  "mean": {
    "band_high": 0.011336277239024639,
    "band_low": 0.9448910355567932,
    "band_mid": 0.04377052187919617,
    "comm_band_high": 0.1161545142531395,
    "comm_band_low": 0.6120638847351074,
    "comm_band_mid": 0.2717815041542053,
    "dncnn_entropy": 0.6645646691322327,
    "dncnn_margin": 0.2692795991897583,
    "dncnn_top1_prob": 0.33084574341773987,
    "hfer_dncnn_residual": 0.30371618270874023,
    "hfer_input": 0.01935686357319355,
    "hfer_jpeg20_residual": 0.20695985853672028,
    "identity_entropy": 0.6652098894119263,
    "identity_margin": 0.2669840157032013,
    "identity_top1_prob": 0.32885122299194336,
    "jpeg20_entropy": 0.6669180393218994,
    "jpeg20_margin": 0.2626201808452606,
    "jpeg20_top1_prob": 0.3249077796936035,
    "m_comm": 0.002884798916056752
  },
  "n_rows": 10000,
  "npy": "github_package\\data\\derived_imagenetc_features_test\\features_jpeg_compression_3_test.npy",
  "severity": 3,
  "split": "test",
  "std": {
    "band_high": 0.010734163224697113,
    "band_low": 0.04461370036005974,
    "band_mid": 0.03535401448607445,
    "comm_band_high": 0.03557366505265236,
    "comm_band_low": 0.10012465715408325,
    "comm_band_mid": 0.06864769756793976,
    "dncnn_entropy": 0.14793363213539124,
    "dncnn_margin": 0.2134161740541458,
    "dncnn_top1_prob": 0.19040293991565704,
    "hfer_dncnn_residual": 0.04110083356499672,
    "hfer_input": 0.017594091594219208,
    "hfer_jpeg20_residual": 0.08467652648687363,
    "identity_entropy": 0.14840687811374664,
    "identity_margin": 0.21356439590454102,
    "identity_top1_prob": 0.19102273881435394,
    "jpeg20_entropy": 0.14911265671253204,
    "jpeg20_margin": 0.21380792558193207,
    "jpeg20_top1_prob": 0.19182851910591125,
    "m_comm": 0.0012489153305068612
  }
}