{
  "corruption": "elastic_transform",
  "feature_names": [
    "hfer_input",
    "m_comm",
    "band_low",
    "band_mid",
    "band_high",
    "comm_band_low",
    "comm_band_mid",
    "comm_band_high",
    "hfer_jpeg20_residual",
    "hfer_dncnn_residual",
    "identity_top1_prob",
    "identity_margin",
    "identity_entropy",
    "dncnn_top1_prob",
    "dncnn_margin",
    "dncnn_entropy",
    "jpeg20_top1_prob",
    "jpeg20_margin",
    "jpeg20_entropy"
  ],
  "image_index_max": 16999,
  "image_index_min": 7000,
  "mean": {
    "band_high": 0.00879061222076416,
    "band_low": 0.9572051763534546,
    "band_mid": 0.03400477394461632,
    "comm_band_high": 0.15619780123233795,
    "comm_band_low": 0.46524950861930847,
    "comm_band_mid": 0.37855347990989685,
    "dncnn_entropy": 0.730583906173706,
    "dncnn_margin": 0.19853819906711578,
    "dncnn_top1_prob": 0.25426241755485535,
    "hfer_dncnn_residual": 0.360598087310791,
    "hfer_input": 0.014450199902057648,
    "hfer_jpeg20_residual": 0.37029701471328735,
    "identity_entropy": 0.7307419180870056,
    "identity_margin": 0.19774505496025085,
    "identity_top1_prob": 0.2536454200744629,
    "jpeg20_entropy": 0.7482545375823975,
    "jpeg20_margin": 0.15455219149589539,
    "jpeg20_top1_prob": 0.21310670673847198,
    "m_comm": 0.0059572444297373295
  },
  "n_rows": 10000,
  "npy": "github_package\\data\\derived_imagenetc_features_test\\features_elastic_transform_2_test.npy",
  "severity": 2,
  "split": "test",
  "std": {
    "band_high": 0.00918880570679903,
    "band_low": 0.03611288219690323,
    "band_mid": 0.027970224618911743,
    "comm_band_high": 0.05100545659661293,
    "comm_band_low": 0.10777535289525986,
    "comm_band_mid": 0.07005152851343155,
    "dncnn_entropy": 0.1297808140516281,
    "dncnn_margin": 0.18488453328609467,
    "dncnn_top1_prob": 0.1712535321712494,
    "hfer_dncnn_residual": 0.07212332636117935,
    "hfer_input": 0.014201204292476177,
    "hfer_jpeg20_residual": 0.13632717728614807,
    "identity_entropy": 0.1299719214439392,
    "identity_margin": 0.18494026362895966,
    "identity_top1_prob": 0.17128407955169678,
    "jpeg20_entropy": 0.12942403554916382,
    "jpeg20_margin": 0.1746586412191391,
    "jpeg20_top1_prob": 0.16684405505657196,
    "m_comm": 0.0021720880176872015
  }
}