{
  "corruption": "contrast",
  "feature_names": [
    "hfer_input",
    "m_comm",
    "band_low",
    "band_mid",
    "band_high",
    "comm_band_low",
    "comm_band_mid",
    "comm_band_high",
    "hfer_jpeg20_residual",
    "hfer_dncnn_residual",
    "identity_top1_prob",
    "identity_margin",
    "identity_entropy",
    "dncnn_top1_prob",
    "dncnn_margin",
    "dncnn_entropy",
    "jpeg20_top1_prob",
    "jpeg20_margin",
    "jpeg20_entropy"
  ],
  "image_index_max": 16999,
  "image_index_min": 7000,
  "mean": {
    "band_high": 0.018317338079214096,
    "band_low": 0.9358171820640564,
    "band_mid": 0.04586407169699669,
    "comm_band_high": 0.11710560321807861,
    "comm_band_low": 0.5566986203193665,
    "comm_band_mid": 0.3261958360671997,
    "dncnn_entropy": 0.652838945388794,
    "dncnn_margin": 0.3041808009147644,
    "dncnn_top1_prob": 0.36094769835472107,
    "hfer_dncnn_residual": 0.4930994212627411,
    "hfer_input": 0.028135333210229874,
    "hfer_jpeg20_residual": 0.3465704321861267,
    "identity_entropy": 0.6531535387039185,
    "identity_margin": 0.3033876419067383,
    "identity_top1_prob": 0.36025574803352356,
    "jpeg20_entropy": 0.7031702399253845,
    "jpeg20_margin": 0.1977182924747467,
    "jpeg20_top1_prob": 0.2611168622970581,
    "m_comm": 0.0032540366519242525
  },
  "n_rows": 10000,
  "npy": "github_package\\data\\derived_imagenetc_features_test\\features_contrast_1_test.npy",
  "severity": 1,
  "split": "test",
  "std": {
    "band_high": 0.01914430782198906,
    "band_low": 0.05286052078008652,
    "band_mid": 0.03579122573137283,
    "comm_band_high": 0.0423542782664299,
    "comm_band_low": 0.12416429072618484,
    "comm_band_mid": 0.09177680313587189,
    "dncnn_entropy": 0.14293339848518372,
    "dncnn_margin": 0.20734231173992157,
    "dncnn_top1_prob": 0.1807391345500946,
    "hfer_dncnn_residual": 0.07834978401660919,
    "hfer_input": 0.027251005172729492,
    "hfer_jpeg20_residual": 0.1302214413881302,
    "identity_entropy": 0.14282095432281494,
    "identity_margin": 0.20711137354373932,
    "identity_top1_prob": 0.1806737780570984,
    "jpeg20_entropy": 0.14742280542850494,
    "jpeg20_margin": 0.20119452476501465,
    "jpeg20_top1_prob": 0.18937404453754425,
    "m_comm": 0.001087360316887498
  }
}