{
  "corruption": "jpeg_compression",
  "feature_names": [
    "hfer_input",
    "m_comm",
    "band_low",
    "band_mid",
    "band_high",
    "comm_band_low",
    "comm_band_mid",
    "comm_band_high",
    "hfer_jpeg20_residual",
    "hfer_dncnn_residual",
    "identity_top1_prob",
    "identity_margin",
    "identity_entropy",
    "dncnn_top1_prob",
    "dncnn_margin",
    "dncnn_entropy",
    "jpeg20_top1_prob",
    "jpeg20_margin",
    "jpeg20_entropy"
  ],
  "image_index_max": 16999,
  "image_index_min": 7000,
  "mean": {
    "band_high": 0.010867657139897346,
    "band_low": 0.9496926665306091,
    "band_mid": 0.039440736174583435,
    "comm_band_high": 0.09477558732032776,
    "comm_band_low": 0.6715770959854126,
    "comm_band_mid": 0.23364770412445068,
    "dncnn_entropy": 0.7017972469329834,
    "dncnn_margin": 0.20308037102222443,
    "dncnn_top1_prob": 0.2656424939632416,
    "hfer_dncnn_residual": 0.27431416511535645,
    "hfer_input": 0.017330290749669075,
    "hfer_jpeg20_residual": 0.13805168867111206,
    "identity_entropy": 0.7031854391098022,
    "identity_margin": 0.19897660613059998,
    "identity_top1_prob": 0.2617194354534149,
    "jpeg20_entropy": 0.7050173878669739,
    "jpeg20_margin": 0.19613690674304962,
    "jpeg20_top1_prob": 0.25895389914512634,
    "m_comm": 0.0036147257778793573
  },
  "n_rows": 10000,
  "npy": "github_package\\data\\derived_imagenetc_features_test\\features_jpeg_compression_5_test.npy",
  "severity": 5,
  "split": "test",
  "std": {
    "band_high": 0.009004862979054451,
    "band_low": 0.039169374853372574,
    "band_mid": 0.031401414424180984,
    "comm_band_high": 0.038371141999959946,
    "comm_band_low": 0.08036567270755768,
    "comm_band_mid": 0.0530431792140007,
    "dncnn_entropy": 0.1483713686466217,
    "dncnn_margin": 0.20488762855529785,
    "dncnn_top1_prob": 0.19204537570476532,
    "hfer_dncnn_residual": 0.042973797768354416,
    "hfer_input": 0.014173217117786407,
    "hfer_jpeg20_residual": 0.07535640895366669,
    "identity_entropy": 0.14915665984153748,
    "identity_margin": 0.2053210586309433,
    "identity_top1_prob": 0.19279713928699493,
    "jpeg20_entropy": 0.14883114397525787,
    "jpeg20_margin": 0.20416823029518127,
    "jpeg20_top1_prob": 0.19210214912891388,
    "m_comm": 0.001476595876738429
  }
}