{
  "corruption": "pixelate",
  "feature_names": [
    "hfer_input",
    "m_comm",
    "band_low",
    "band_mid",
    "band_high",
    "comm_band_low",
    "comm_band_mid",
    "comm_band_high",
    "hfer_jpeg20_residual",
    "hfer_dncnn_residual",
    "identity_top1_prob",
    "identity_margin",
    "identity_entropy",
    "dncnn_top1_prob",
    "dncnn_margin",
    "dncnn_entropy",
    "jpeg20_top1_prob",
    "jpeg20_margin",
    "jpeg20_entropy"
  ],
  "image_index_max": 16999,
  "image_index_min": 7000,
  "mean": {
    "band_high": 0.02078295312821865,
    "band_low": 0.9490343928337097,
    "band_mid": 0.030180832371115685,
    "comm_band_high": 0.2136692851781845,
    "comm_band_low": 0.4376775920391083,
    "comm_band_mid": 0.34865233302116394,
    "dncnn_entropy": 0.6669412851333618,
    "dncnn_margin": 0.2737007439136505,
    "dncnn_top1_prob": 0.33356940746307373,
    "hfer_dncnn_residual": 0.39540210366249084,
    "hfer_input": 0.02677617222070694,
    "hfer_jpeg20_residual": 0.5550900101661682,
    "identity_entropy": 0.6659024953842163,
    "identity_margin": 0.2741502821445465,
    "identity_top1_prob": 0.33421239256858826,
    "jpeg20_entropy": 0.666415810585022,
    "jpeg20_margin": 0.2639366090297699,
    "jpeg20_top1_prob": 0.3262278139591217,
    "m_comm": 0.005891302600502968
  },
  "n_rows": 10000,
  "npy": "github_package\\data\\derived_imagenetc_features_test\\features_pixelate_1_test.npy",
  "severity": 1,
  "split": "test",
  "std": {
    "band_high": 0.014987015165388584,
    "band_low": 0.038478679955005646,
    "band_mid": 0.02370547503232956,
    "comm_band_high": 0.09837130457162857,
    "comm_band_low": 0.11494776606559753,
    "comm_band_mid": 0.07316913455724716,
    "dncnn_entropy": 0.1463109850883484,
    "dncnn_margin": 0.2108263075351715,
    "dncnn_top1_prob": 0.18737150728702545,
    "hfer_dncnn_residual": 0.0753399208188057,
    "hfer_input": 0.019789209589362144,
    "hfer_jpeg20_residual": 0.12070964276790619,
    "identity_entropy": 0.14678816497325897,
    "identity_margin": 0.21152342855930328,
    "identity_top1_prob": 0.18800710141658783,
    "jpeg20_entropy": 0.1485898643732071,
    "jpeg20_margin": 0.21474361419677734,
    "jpeg20_top1_prob": 0.1920487880706787,
    "m_comm": 0.0020667528733611107
  }
}