{
  "corruption": "elastic_transform",
  "feature_names": [
    "hfer_input",
    "m_comm",
    "band_low",
    "band_mid",
    "band_high",
    "comm_band_low",
    "comm_band_mid",
    "comm_band_high",
    "hfer_jpeg20_residual",
    "hfer_dncnn_residual",
    "identity_top1_prob",
    "identity_margin",
    "identity_entropy",
    "dncnn_top1_prob",
    "dncnn_margin",
    "dncnn_entropy",
    "jpeg20_top1_prob",
    "jpeg20_margin",
    "jpeg20_entropy"
  ],
  "image_index_max": 16999,
  "image_index_min": 7000,
  "mean": {
    "band_high": 0.012078606523573399,
    "band_low": 0.952178418636322,
    "band_mid": 0.03574209660291672,
    "comm_band_high": 0.17234134674072266,
    "comm_band_low": 0.42532020807266235,
    "comm_band_mid": 0.40233880281448364,
    "dncnn_entropy": 0.7760457992553711,
    "dncnn_margin": 0.12578585743904114,
    "dncnn_top1_prob": 0.1826762855052948,
    "hfer_dncnn_residual": 0.3782527446746826,
    "hfer_input": 0.018659986555576324,
    "hfer_jpeg20_residual": 0.45916229486465454,
    "identity_entropy": 0.7752731442451477,
    "identity_margin": 0.12669751048088074,
    "identity_top1_prob": 0.18358023464679718,
    "jpeg20_entropy": 0.769054114818573,
    "jpeg20_margin": 0.12452393770217896,
    "jpeg20_top1_prob": 0.1836153268814087,
    "m_comm": 0.006070171948522329
  },
  "n_rows": 10000,
  "npy": "github_package\\data\\derived_imagenetc_features_test\\features_elastic_transform_5_test.npy",
  "severity": 5,
  "split": "test",
  "std": {
    "band_high": 0.010103875771164894,
    "band_low": 0.03457945957779884,
    "band_mid": 0.024979379028081894,
    "comm_band_high": 0.04769826680421829,
    "comm_band_low": 0.09786399453878403,
    "comm_band_mid": 0.060909390449523926,
    "dncnn_entropy": 0.11370662599802017,
    "dncnn_margin": 0.14725612103939056,
    "dncnn_top1_prob": 0.14332470297813416,
    "hfer_dncnn_residual": 0.07431215792894363,
    "hfer_input": 0.015087354928255081,
    "hfer_jpeg20_residual": 0.1320418417453766,
    "identity_entropy": 0.11400417983531952,
    "identity_margin": 0.14829474687576294,
    "identity_top1_prob": 0.14399278163909912,
    "jpeg20_entropy": 0.11565562337636948,
    "jpeg20_margin": 0.14851006865501404,
    "jpeg20_top1_prob": 0.14493228495121002,
    "m_comm": 0.002053593983873725
  }
}