{
  "corruption": "contrast",
  "feature_names": [
    "hfer_input",
    "m_comm",
    "band_low",
    "band_mid",
    "band_high",
    "comm_band_low",
    "comm_band_mid",
    "comm_band_high",
    "hfer_jpeg20_residual",
    "hfer_dncnn_residual",
    "identity_top1_prob",
    "identity_margin",
    "identity_entropy",
    "dncnn_top1_prob",
    "dncnn_margin",
    "dncnn_entropy",
    "jpeg20_top1_prob",
    "jpeg20_margin",
    "jpeg20_entropy"
  ],
  "image_index_max": 16999,
  "image_index_min": 7000,
  "mean": {
    "band_high": 0.017145805060863495,
    "band_low": 0.9360188245773315,
    "band_mid": 0.046837035566568375,
    "comm_band_high": 0.08855584263801575,
    "comm_band_low": 0.7647429704666138,
    "comm_band_mid": 0.14670079946517944,
    "dncnn_entropy": 0.7623108625411987,
    "dncnn_margin": 0.1425437182188034,
    "dncnn_top1_prob": 0.1963943988084793,
    "hfer_dncnn_residual": 0.5033190250396729,
    "hfer_input": 0.02565319463610649,
    "hfer_jpeg20_residual": 0.07547226548194885,
    "identity_entropy": 0.7784437537193298,
    "identity_margin": 0.1274947226047516,
    "identity_top1_prob": 0.17855753004550934,
    "jpeg20_entropy": 0.8959605693817139,
    "jpeg20_margin": 0.019835174083709717,
    "jpeg20_top1_prob": 0.04565548896789551,
    "m_comm": 0.0010102150263264775
  },
  "n_rows": 10000,
  "npy": "github_package\\data\\derived_imagenetc_features_test\\features_contrast_5_test.npy",
  "severity": 5,
  "split": "test",
  "std": {
    "band_high": 0.010573212057352066,
    "band_low": 0.04339059814810753,
    "band_mid": 0.03366537392139435,
    "comm_band_high": 0.049298178404569626,
    "comm_band_low": 0.11436326056718826,
    "comm_band_mid": 0.07149112224578857,
    "dncnn_entropy": 0.14426861703395844,
    "dncnn_margin": 0.17904506623744965,
    "dncnn_top1_prob": 0.17664681375026703,
    "hfer_dncnn_residual": 0.05324884131550789,
    "hfer_input": 0.01665496826171875,
    "hfer_jpeg20_residual": 0.030475083738565445,
    "identity_entropy": 0.14120826125144958,
    "identity_margin": 0.17068560421466827,
    "identity_top1_prob": 0.17053481936454773,
    "jpeg20_entropy": 0.02884514071047306,
    "jpeg20_margin": 0.02742263302206993,
    "jpeg20_top1_prob": 0.031153589487075806,
    "m_comm": 0.0003778139653149992
  }
}