{
  "corruption": "pixelate",
  "feature_names": [
    "hfer_input",
    "m_comm",
    "band_low",
    "band_mid",
    "band_high",
    "comm_band_low",
    "comm_band_mid",
    "comm_band_high",
    "hfer_jpeg20_residual",
    "hfer_dncnn_residual",
    "identity_top1_prob",
    "identity_margin",
    "identity_entropy",
    "dncnn_top1_prob",
    "dncnn_margin",
    "dncnn_entropy",
    "jpeg20_top1_prob",
    "jpeg20_margin",
    "jpeg20_entropy"
  ],
  "image_index_max": 16999,
  "image_index_min": 7000,
  "mean": {
    "band_high": 0.014648661948740482,
    "band_low": 0.9592947959899902,
    "band_mid": 0.026055602356791496,
    "comm_band_high": 0.14517846703529358,
    "comm_band_low": 0.5966116189956665,
    "comm_band_mid": 0.25821012258529663,
    "dncnn_entropy": 0.8039305806159973,
    "dncnn_margin": 0.08659756928682327,
    "dncnn_top1_prob": 0.13416273891925812,
    "hfer_dncnn_residual": 0.3985404372215271,
    "hfer_input": 0.01988152228295803,
    "hfer_jpeg20_residual": 0.41900938749313354,
    "identity_entropy": 0.8105223178863525,
    "identity_margin": 0.08250952512025833,
    "identity_top1_prob": 0.1282932162284851,
    "jpeg20_entropy": 0.7738821506500244,
    "jpeg20_margin": 0.10535213351249695,
    "jpeg20_top1_prob": 0.16038848459720612,
    "m_comm": 0.0047292220406234264
  },
  "n_rows": 10000,
  "npy": "github_package\\data\\derived_imagenetc_features_test\\features_pixelate_5_test.npy",
  "severity": 5,
  "split": "test",
  "std": {
    "band_high": 0.008488759398460388,
    "band_low": 0.021235613152384758,
    "band_mid": 0.012834936380386353,
    "comm_band_high": 0.09055978059768677,
    "comm_band_low": 0.09831266105175018,
    "comm_band_mid": 0.05570755526423454,
    "dncnn_entropy": 0.12012387812137604,
    "dncnn_margin": 0.1368180215358734,
    "dncnn_top1_prob": 0.14040394127368927,
    "hfer_dncnn_residual": 0.07018420845270157,
    "hfer_input": 0.010049376636743546,
    "hfer_jpeg20_residual": 0.10913629829883575,
    "identity_entropy": 0.11881044507026672,
    "identity_margin": 0.13343793153762817,
    "identity_top1_prob": 0.13769738376140594,
    "jpeg20_entropy": 0.12597425282001495,
    "jpeg20_margin": 0.1508675217628479,
    "jpeg20_top1_prob": 0.15206368267536163,
    "m_comm": 0.0014692515833303332
  }
}