{
  "corruption": "elastic_transform",
  "feature_names": [
    "hfer_input",
    "m_comm",
    "band_low",
    "band_mid",
    "band_high",
    "comm_band_low",
    "comm_band_mid",
    "comm_band_high",
    "hfer_jpeg20_residual",
    "hfer_dncnn_residual",
    "identity_top1_prob",
    "identity_margin",
    "identity_entropy",
    "dncnn_top1_prob",
    "dncnn_margin",
    "dncnn_entropy",
    "jpeg20_top1_prob",
    "jpeg20_margin",
    "jpeg20_entropy"
  ],
  "image_index_max": 16999,
  "image_index_min": 7000,
  "mean": {
    "band_high": 0.006215693894773722,
    "band_low": 0.9635589718818665,
    "band_mid": 0.030224181711673737,
    "comm_band_high": 0.1459244191646576,
    "comm_band_low": 0.4806976616382599,
    "comm_band_mid": 0.3733779191970825,
    "dncnn_entropy": 0.6758487820625305,
    "dncnn_margin": 0.28081050515174866,
    "dncnn_top1_prob": 0.33626726269721985,
    "hfer_dncnn_residual": 0.3512842357158661,
    "hfer_input": 0.010931216180324554,
    "hfer_jpeg20_residual": 0.3343706429004669,
    "identity_entropy": 0.6758297681808472,
    "identity_margin": 0.2803638279438019,
    "identity_top1_prob": 0.3358800709247589,
    "jpeg20_entropy": 0.6945137977600098,
    "jpeg20_margin": 0.23259596526622772,
    "jpeg20_top1_prob": 0.2930237650871277,
    "m_comm": 0.005737138446420431
  },
  "n_rows": 10000,
  "npy": "github_package\\data\\derived_imagenetc_features_test\\features_elastic_transform_1_test.npy",
  "severity": 1,
  "split": "test",
  "std": {
    "band_high": 0.005312527529895306,
    "band_low": 0.02933109737932682,
    "band_mid": 0.024793267250061035,
    "comm_band_high": 0.04624864086508751,
    "comm_band_low": 0.1064135804772377,
    "comm_band_mid": 0.071679025888443,
    "dncnn_entropy": 0.13734714686870575,
    "dncnn_margin": 0.19979704916477203,
    "dncnn_top1_prob": 0.17566436529159546,
    "hfer_dncnn_residual": 0.07124823331832886,
    "hfer_input": 0.009346487931907177,
    "hfer_jpeg20_residual": 0.12042968720197678,
    "identity_entropy": 0.13766299188137054,
    "identity_margin": 0.19997331500053406,
    "identity_top1_prob": 0.17604172229766846,
    "jpeg20_entropy": 0.14024613797664642,
    "jpeg20_margin": 0.20121242105960846,
    "jpeg20_top1_prob": 0.18305134773254395,
    "m_comm": 0.00201761769130826
  }
}