{
  "corruption": "elastic_transform",
  "feature_names": [
    "hfer_input",
    "m_comm",
    "band_low",
    "band_mid",
    "band_high",
    "comm_band_low",
    "comm_band_mid",
    "comm_band_high",
    "hfer_jpeg20_residual",
    "hfer_dncnn_residual",
    "identity_top1_prob",
    "identity_margin",
    "identity_entropy",
    "dncnn_top1_prob",
    "dncnn_margin",
    "dncnn_entropy",
    "jpeg20_top1_prob",
    "jpeg20_margin",
    "jpeg20_entropy"
  ],
  "image_index_max": 16999,
  "image_index_min": 7000,
  "mean": {
    "band_high": 0.00814019050449133,
    "band_low": 0.9608587622642517,
    "band_mid": 0.03100142814218998,
    "comm_band_high": 0.15589801967144012,
    "comm_band_low": 0.45695194602012634,
    "comm_band_mid": 0.38714906573295593,
    "dncnn_entropy": 0.7454611659049988,
    "dncnn_margin": 0.17362959682941437,
    "dncnn_top1_prob": 0.23036079108715057,
    "hfer_dncnn_residual": 0.3642124533653259,
    "hfer_input": 0.013410587795078754,
    "hfer_jpeg20_residual": 0.38987207412719727,
    "identity_entropy": 0.7445780634880066,
    "identity_margin": 0.17448651790618896,
    "identity_top1_prob": 0.23122544586658478,
    "jpeg20_entropy": 0.7331601977348328,
    "jpeg20_margin": 0.17340987920761108,
    "jpeg20_top1_prob": 0.2336101084947586,
    "m_comm": 0.005843957886099815
  },
  "n_rows": 10000,
  "npy": "github_package\\data\\derived_imagenetc_features_test\\features_elastic_transform_4_test.npy",
  "severity": 4,
  "split": "test",
  "std": {
    "band_high": 0.006612264551222324,
    "band_low": 0.029610591009259224,
    "band_mid": 0.023406097665429115,
    "comm_band_high": 0.044221773743629456,
    "comm_band_low": 0.10110372304916382,
    "comm_band_mid": 0.0661247968673706,
    "dncnn_entropy": 0.12578336894512177,
    "dncnn_margin": 0.17718160152435303,
    "dncnn_top1_prob": 0.1658247709274292,
    "hfer_dncnn_residual": 0.07186564058065414,
    "hfer_input": 0.010824783705174923,
    "hfer_jpeg20_residual": 0.12416147440671921,
    "identity_entropy": 0.12634378671646118,
    "identity_margin": 0.17786414921283722,
    "identity_top1_prob": 0.1664958894252777,
    "jpeg20_entropy": 0.13488774001598358,
    "jpeg20_margin": 0.1843818873167038,
    "jpeg20_top1_prob": 0.17442719638347626,
    "m_comm": 0.0020050466991961002
  }
}