{
  "corruption": "jpeg_compression",
  "feature_names": [
    "hfer_input",
    "m_comm",
    "band_low",
    "band_mid",
    "band_high",
    "comm_band_low",
    "comm_band_mid",
    "comm_band_high",
    "hfer_jpeg20_residual",
    "hfer_dncnn_residual",
    "identity_top1_prob",
    "identity_margin",
    "identity_entropy",
    "dncnn_top1_prob",
    "dncnn_margin",
    "dncnn_entropy",
    "jpeg20_top1_prob",
    "jpeg20_margin",
    "jpeg20_entropy"
  ],
  "image_index_max": 16999,
  "image_index_min": 7000,
  "mean": {
    "band_high": 0.011817533522844315,
    "band_low": 0.9437732696533203,
    "band_mid": 0.04440944641828537,
    "comm_band_high": 0.11245827376842499,
    "comm_band_low": 0.6580196619033813,
    "comm_band_mid": 0.22952167689800262,
    "dncnn_entropy": 0.6606656908988953,
    "dncnn_margin": 0.27867934107780457,
    "dncnn_top1_prob": 0.339334100484848,
    "hfer_dncnn_residual": 0.3333556056022644,
    "hfer_input": 0.02023409493267536,
    "hfer_jpeg20_residual": 0.1491902768611908,
    "identity_entropy": 0.6612247824668884,
    "identity_margin": 0.27635085582733154,
    "identity_top1_prob": 0.33747944235801697,
    "jpeg20_entropy": 0.6613221764564514,
    "jpeg20_margin": 0.2756001949310303,
    "jpeg20_top1_prob": 0.33681610226631165,
    "m_comm": 0.0030786122661083937
  },
  "n_rows": 10000,
  "npy": "github_package\\data\\derived_imagenetc_features_test\\features_jpeg_compression_2_test.npy",
  "severity": 2,
  "split": "test",
  "std": {
    "band_high": 0.01152473408728838,
    "band_low": 0.045759860426187515,
    "band_mid": 0.03582051768898964,
    "comm_band_high": 0.027070341631770134,
    "comm_band_low": 0.07552212476730347,
    "comm_band_mid": 0.05374131724238396,
    "dncnn_entropy": 0.14771941304206848,
    "dncnn_margin": 0.21307611465454102,
    "dncnn_top1_prob": 0.18900497257709503,
    "hfer_dncnn_residual": 0.04337788745760918,
    "hfer_input": 0.018716594204306602,
    "hfer_jpeg20_residual": 0.054292574524879456,
    "identity_entropy": 0.14845173060894012,
    "identity_margin": 0.2137535810470581,
    "identity_top1_prob": 0.18988700211048126,
    "jpeg20_entropy": 0.1480347216129303,
    "jpeg20_margin": 0.21338680386543274,
    "jpeg20_top1_prob": 0.1896924078464508,
    "m_comm": 0.0010785419726744294
  }
}