{
  "corruption": "contrast",
  "feature_names": [
    "hfer_input",
    "m_comm",
    "band_low",
    "band_mid",
    "band_high",
    "comm_band_low",
    "comm_band_mid",
    "comm_band_high",
    "hfer_jpeg20_residual",
    "hfer_dncnn_residual",
    "identity_top1_prob",
    "identity_margin",
    "identity_entropy",
    "dncnn_top1_prob",
    "dncnn_margin",
    "dncnn_entropy",
    "jpeg20_top1_prob",
    "jpeg20_margin",
    "jpeg20_entropy"
  ],
  "image_index_max": 16999,
  "image_index_min": 7000,
  "mean": {
    "band_high": 0.01726876012980938,
    "band_low": 0.936578631401062,
    "band_mid": 0.04615339636802673,
    "comm_band_high": 0.09839294105768204,
    "comm_band_low": 0.6173658967018127,
    "comm_band_mid": 0.2842424213886261,
    "dncnn_entropy": 0.6543850302696228,
    "dncnn_margin": 0.29702192544937134,
    "dncnn_top1_prob": 0.35502806305885315,
    "hfer_dncnn_residual": 0.5199801325798035,
    "hfer_input": 0.027091043069958687,
    "hfer_jpeg20_residual": 0.28672513365745544,
    "identity_entropy": 0.6548331379890442,
    "identity_margin": 0.2960647940635681,
    "identity_top1_prob": 0.3540845215320587,
    "jpeg20_entropy": 0.7401190996170044,
    "jpeg20_margin": 0.1500864028930664,
    "jpeg20_top1_prob": 0.20968642830848694,
    "m_comm": 0.002655633492395282
  },
  "n_rows": 10000,
  "npy": "github_package\\data\\derived_imagenetc_features_test\\features_contrast_2_test.npy",
  "severity": 2,
  "split": "test",
  "std": {
    "band_high": 0.01777396723628044,
    "band_low": 0.05189245566725731,
    "band_mid": 0.03606952726840973,
    "comm_band_high": 0.0322132483124733,
    "comm_band_low": 0.12170300632715225,
    "comm_band_mid": 0.09438399225473404,
    "dncnn_entropy": 0.144280344247818,
    "dncnn_margin": 0.2095443308353424,
    "dncnn_top1_prob": 0.18355102837085724,
    "hfer_dncnn_residual": 0.0667215958237648,
    "hfer_input": 0.025943124666810036,
    "hfer_jpeg20_residual": 0.11484013497829437,
    "identity_entropy": 0.14417468011379242,
    "identity_margin": 0.20925582945346832,
    "identity_top1_prob": 0.18354597687721252,
    "jpeg20_entropy": 0.14150524139404297,
    "jpeg20_margin": 0.18174153566360474,
    "jpeg20_top1_prob": 0.1772003173828125,
    "m_comm": 0.0008601821027696133
  }
}