{
  "corruption": "jpeg_compression",
  "feature_names": [
    "hfer_input",
    "m_comm",
    "band_low",
    "band_mid",
    "band_high",
    "comm_band_low",
    "comm_band_mid",
    "comm_band_high",
    "hfer_jpeg20_residual",
    "hfer_dncnn_residual",
    "identity_top1_prob",
    "identity_margin",
    "identity_entropy",
    "dncnn_top1_prob",
    "dncnn_margin",
    "dncnn_entropy",
    "jpeg20_top1_prob",
    "jpeg20_margin",
    "jpeg20_entropy"
  ],
  "image_index_max": 16999,
  "image_index_min": 7000,
  "mean": {
    "band_high": 0.01077475119382143,
    "band_low": 0.9473626017570496,
    "band_mid": 0.041863419115543365,
    "comm_band_high": 0.16206519305706024,
    "comm_band_low": 0.4373953640460968,
    "comm_band_mid": 0.40053868293762207,
    "dncnn_entropy": 0.6777335405349731,
    "dncnn_margin": 0.24147886037826538,
    "dncnn_top1_prob": 0.30486616492271423,
    "hfer_dncnn_residual": 0.2980165183544159,
    "hfer_input": 0.018000200390815735,
    "hfer_jpeg20_residual": 0.30525660514831543,
    "identity_entropy": 0.6789032816886902,
    "identity_margin": 0.23909378051757812,
    "identity_top1_prob": 0.3021959364414215,
    "jpeg20_entropy": 0.6792083978652954,
    "jpeg20_margin": 0.23832622170448303,
    "jpeg20_top1_prob": 0.3015339970588684,
    "m_comm": 0.0024969750083982944
  },
  "n_rows": 10000,
  "npy": "github_package\\data\\derived_imagenetc_features_test\\features_jpeg_compression_4_test.npy",
  "severity": 4,
  "split": "test",
  "std": {
    "band_high": 0.009428679011762142,
    "band_low": 0.04193134233355522,
    "band_mid": 0.03376780450344086,
    "comm_band_high": 0.05661096051335335,
    "comm_band_low": 0.13058190047740936,
    "comm_band_mid": 0.1037345603108406,
    "dncnn_entropy": 0.14825212955474854,
    "dncnn_margin": 0.2118937075138092,
    "dncnn_top1_prob": 0.1925700157880783,
    "hfer_dncnn_residual": 0.04121219739317894,
    "hfer_input": 0.01547988411039114,
    "hfer_jpeg20_residual": 0.1328323781490326,
    "identity_entropy": 0.14881470799446106,
    "identity_margin": 0.21164077520370483,
    "identity_top1_prob": 0.19319884479045868,
    "jpeg20_entropy": 0.14892251789569855,
    "jpeg20_margin": 0.2116907835006714,
    "jpeg20_top1_prob": 0.19332286715507507,
    "m_comm": 0.001229129615239799
  }
}