{
  "corruption": "elastic_transform",
  "feature_names": [
    "hfer_input",
    "m_comm",
    "band_low",
    "band_mid",
    "band_high",
    "comm_band_low",
    "comm_band_mid",
    "comm_band_high",
    "hfer_jpeg20_residual",
    "hfer_dncnn_residual",
    "identity_top1_prob",
    "identity_margin",
    "identity_entropy",
    "dncnn_top1_prob",
    "dncnn_margin",
    "dncnn_entropy",
    "jpeg20_top1_prob",
    "jpeg20_margin",
    "jpeg20_entropy"
  ],
  "image_index_max": 16999,
  "image_index_min": 7000,
  "mean": {
    "band_high": 0.007008749525994062,
    "band_low": 0.9629969000816345,
    "band_mid": 0.029994377866387367,
    "comm_band_high": 0.14985539019107819,
    "comm_band_low": 0.46846866607666016,
    "comm_band_mid": 0.3816761374473572,
    "dncnn_entropy": 0.7116827368736267,
    "dncnn_margin": 0.2224007546901703,
    "dncnn_top1_prob": 0.27910903096199036,
    "hfer_dncnn_residual": 0.3582281172275543,
    "hfer_input": 0.011890165507793427,
    "hfer_jpeg20_residual": 0.364177942276001,
    "identity_entropy": 0.7111291885375977,
    "identity_margin": 0.2231467217206955,
    "identity_top1_prob": 0.2798261344432831,
    "jpeg20_entropy": 0.7046610713005066,
    "jpeg20_margin": 0.21185433864593506,
    "jpeg20_top1_prob": 0.2734513282775879,
    "m_comm": 0.0057752784341573715
  },
  "n_rows": 10000,
  "npy": "github_package\\data\\derived_imagenetc_features_test\\features_elastic_transform_3_test.npy",
  "severity": 3,
  "split": "test",
  "std": {
    "band_high": 0.005580119322985411,
    "band_low": 0.028633136302232742,
    "band_mid": 0.023468775674700737,
    "comm_band_high": 0.042857035994529724,
    "comm_band_low": 0.10286518931388855,
    "comm_band_mid": 0.06860705465078354,
    "dncnn_entropy": 0.13436178863048553,
    "dncnn_margin": 0.19493909180164337,
    "dncnn_top1_prob": 0.1776537001132965,
    "hfer_dncnn_residual": 0.07135346531867981,
    "hfer_input": 0.00958030205219984,
    "hfer_jpeg20_residual": 0.120146244764328,
    "identity_entropy": 0.13456597924232483,
    "identity_margin": 0.19489534199237823,
    "identity_top1_prob": 0.17775386571884155,
    "jpeg20_entropy": 0.1417120099067688,
    "jpeg20_margin": 0.19968342781066895,
    "jpeg20_top1_prob": 0.18444013595581055,
    "m_comm": 0.00198494759388268
  }
}