{
  "corruption": "contrast",
  "feature_names": [
    "hfer_input",
    "m_comm",
    "band_low",
    "band_mid",
    "band_high",
    "comm_band_low",
    "comm_band_mid",
    "comm_band_high",
    "hfer_jpeg20_residual",
    "hfer_dncnn_residual",
    "identity_top1_prob",
    "identity_margin",
    "identity_entropy",
    "dncnn_top1_prob",
    "dncnn_margin",
    "dncnn_entropy",
    "jpeg20_top1_prob",
    "jpeg20_margin",
    "jpeg20_entropy"
  ],
  "image_index_max": 16999,
  "image_index_min": 7000,
  "mean": {
    "band_high": 0.015775110572576523,
    "band_low": 0.9376304745674133,
    "band_mid": 0.046595074236392975,
    "comm_band_high": 0.08206110447645187,
    "comm_band_low": 0.6938521862030029,
    "comm_band_mid": 0.22408530116081238,
    "dncnn_entropy": 0.6614489555358887,
    "dncnn_margin": 0.2799336314201355,
    "dncnn_top1_prob": 0.33979153633117676,
    "hfer_dncnn_residual": 0.5387325882911682,
    "hfer_input": 0.02548729069530964,
    "hfer_jpeg20_residual": 0.21057946979999542,
    "identity_entropy": 0.662851870059967,
    "identity_margin": 0.2774515748023987,
    "identity_top1_prob": 0.3374342918395996,
    "jpeg20_entropy": 0.805736780166626,
    "jpeg20_margin": 0.087515689432621,
    "jpeg20_top1_prob": 0.13533879816532135,
    "m_comm": 0.0020279649179428816
  },
  "n_rows": 10000,
  "npy": "github_package\\data\\derived_imagenetc_features_test\\features_contrast_3_test.npy",
  "severity": 3,
  "split": "test",
  "std": {
    "band_high": 0.015510058030486107,
    "band_low": 0.05018927529454231,
    "band_mid": 0.03643721714615822,
    "comm_band_high": 0.024553976953029633,
    "comm_band_low": 0.10890134423971176,
    "comm_band_mid": 0.08672050386667252,
    "dncnn_entropy": 0.1452869176864624,
    "dncnn_margin": 0.21078206598758698,
    "dncnn_top1_prob": 0.18690814077854156,
    "hfer_dncnn_residual": 0.053641483187675476,
    "hfer_input": 0.023629937320947647,
    "hfer_jpeg20_residual": 0.089900441467762,
    "identity_entropy": 0.14533735811710358,
    "identity_margin": 0.21095357835292816,
    "identity_top1_prob": 0.1872871220111847,
    "jpeg20_entropy": 0.11761704832315445,
    "jpeg20_margin": 0.13346131145954132,
    "jpeg20_top1_prob": 0.13764303922653198,
    "m_comm": 0.0006565711810253561
  }
}