{
  "corruption": "jpeg_compression",
  "feature_names": [
    "hfer_input",
    "m_comm",
    "band_low",
    "band_mid",
    "band_high",
    "comm_band_low",
    "comm_band_mid",
    "comm_band_high",
    "hfer_jpeg20_residual",
    "hfer_dncnn_residual",
    "identity_top1_prob",
    "identity_margin",
    "identity_entropy",
    "dncnn_top1_prob",
    "dncnn_margin",
    "dncnn_entropy",
    "jpeg20_top1_prob",
    "jpeg20_margin",
    "jpeg20_entropy"
  ],
  "image_index_max": 16999,
  "image_index_min": 7000,
  "mean": {
    "band_high": 0.013339065946638584,
    "band_low": 0.9418619871139526,
    "band_mid": 0.04479679465293884,
    "comm_band_high": 0.13092835247516632,
    "comm_band_low": 0.603919267654419,
    "comm_band_mid": 0.2651520371437073,
    "dncnn_entropy": 0.655890941619873,
    "dncnn_margin": 0.2898373305797577,
    "dncnn_top1_prob": 0.34948739409446716,
    "hfer_dncnn_residual": 0.34395331144332886,
    "hfer_input": 0.022324087098240852,
    "hfer_jpeg20_residual": 0.24099072813987732,
    "identity_entropy": 0.656146764755249,
    "identity_margin": 0.2882525324821472,
    "identity_top1_prob": 0.3482573330402374,
    "jpeg20_entropy": 0.6599187850952148,
    "jpeg20_margin": 0.28064271807670593,
    "jpeg20_top1_prob": 0.34128135442733765,
    "m_comm": 0.0035066406708210707
  },
  "n_rows": 10000,
  "npy": "github_package\\data\\derived_imagenetc_features_test\\features_jpeg_compression_1_test.npy",
  "severity": 1,
  "split": "test",
  "std": {
    "band_high": 0.013745621778070927,
    "band_low": 0.04791712015867233,
    "band_mid": 0.0359494648873806,
    "comm_band_high": 0.05599334090948105,
    "comm_band_low": 0.13178648054599762,
    "comm_band_mid": 0.08055528998374939,
    "dncnn_entropy": 0.14561766386032104,
    "dncnn_margin": 0.2115173488855362,
    "dncnn_top1_prob": 0.18578967452049255,
    "hfer_dncnn_residual": 0.0471549853682518,
    "hfer_input": 0.021455813199281693,
    "hfer_jpeg20_residual": 0.09500595182180405,
    "identity_entropy": 0.1462506204843521,
    "identity_margin": 0.21193565428256989,
    "identity_top1_prob": 0.1864520162343979,
    "jpeg20_entropy": 0.14641860127449036,
    "jpeg20_margin": 0.2117428034543991,
    "jpeg20_top1_prob": 0.1873348355293274,
    "m_comm": 0.0017623371677473187
  }
}