{
  "corruption": "contrast",
  "feature_names": [
    "hfer_input",
    "m_comm",
    "band_low",
    "band_mid",
    "band_high",
    "comm_band_low",
    "comm_band_mid",
    "comm_band_high",
    "hfer_jpeg20_residual",
    "hfer_dncnn_residual",
    "identity_top1_prob",
    "identity_margin",
    "identity_entropy",
    "dncnn_top1_prob",
    "dncnn_margin",
    "dncnn_entropy",
    "jpeg20_top1_prob",
    "jpeg20_margin",
    "jpeg20_entropy"
  ],
  "image_index_max": 16999,
  "image_index_min": 7000,
  "mean": {
    "band_high": 0.014631572179496288,
    "band_low": 0.938269853591919,
    "band_mid": 0.04710083082318306,
    "comm_band_high": 0.07306136190891266,
    "comm_band_low": 0.7763432860374451,
    "comm_band_mid": 0.15059487521648407,
    "dncnn_entropy": 0.6897943615913391,
    "dncnn_margin": 0.2298746556043625,
    "dncnn_top1_prob": 0.2914898097515106,
    "hfer_dncnn_residual": 0.529790461063385,
    "hfer_input": 0.02376820519566536,
    "hfer_jpeg20_residual": 0.1196640282869339,
    "identity_entropy": 0.6956210732460022,
    "identity_margin": 0.22282692790031433,
    "identity_top1_prob": 0.28377091884613037,
    "jpeg20_entropy": 0.8858577013015747,
    "jpeg20_margin": 0.03672541677951813,
    "jpeg20_top1_prob": 0.06465882807970047,
    "m_comm": 0.0013620973331853747
  },
  "n_rows": 10000,
  "npy": "github_package\\data\\derived_imagenetc_features_test\\features_contrast_4_test.npy",
  "severity": 4,
  "split": "test",
  "std": {
    "band_high": 0.012104942463338375,
    "band_low": 0.04696767032146454,
    "band_mid": 0.03628269582986832,
    "comm_band_high": 0.025976670905947685,
    "comm_band_low": 0.08164955675601959,
    "comm_band_mid": 0.05964811518788338,
    "dncnn_entropy": 0.14800605177879333,
    "dncnn_margin": 0.2075481414794922,
    "dncnn_top1_prob": 0.1910523921251297,
    "hfer_dncnn_residual": 0.05171366408467293,
    "hfer_input": 0.019494498148560524,
    "hfer_jpeg20_residual": 0.05176844075322151,
    "identity_entropy": 0.14833863079547882,
    "identity_margin": 0.20612049102783203,
    "identity_top1_prob": 0.19102615118026733,
    "jpeg20_entropy": 0.062316540628671646,
    "jpeg20_margin": 0.06338202953338623,
    "jpeg20_top1_prob": 0.06874918192625046,
    "m_comm": 0.00048109429189935327
  }
}