{
  "corruption": "pixelate",
  "feature_names": [
    "hfer_input",
    "m_comm",
    "band_low",
    "band_mid",
    "band_high",
    "comm_band_low",
    "comm_band_mid",
    "comm_band_high",
    "hfer_jpeg20_residual",
    "hfer_dncnn_residual",
    "identity_top1_prob",
    "identity_margin",
    "identity_entropy",
    "dncnn_top1_prob",
    "dncnn_margin",
    "dncnn_entropy",
    "jpeg20_top1_prob",
    "jpeg20_margin",
    "jpeg20_entropy"
  ],
  "image_index_max": 16999,
  "image_index_min": 7000,
  "mean": {
    "band_high": 0.018825290724635124,
    "band_low": 0.9559503793716431,
    "band_mid": 0.02522500604391098,
    "comm_band_high": 0.21711008250713348,
    "comm_band_low": 0.4471062123775482,
    "comm_band_mid": 0.3357844352722168,
    "dncnn_entropy": 0.7035902142524719,
    "dncnn_margin": 0.20538827776908875,
    "dncnn_top1_prob": 0.2674846649169922,
    "hfer_dncnn_residual": 0.39955446124076843,
    "hfer_input": 0.02606569603085518,
    "hfer_jpeg20_residual": 0.5409907698631287,
    "identity_entropy": 0.7032219171524048,
    "identity_margin": 0.20514924824237823,
    "identity_top1_prob": 0.26725533604621887,
    "jpeg20_entropy": 0.6851274967193604,
    "jpeg20_margin": 0.23153552412986755,
    "jpeg20_top1_prob": 0.29464173316955566,
    "m_comm": 0.0054546743631362915
  },
  "n_rows": 10000,
  "npy": "github_package\\data\\derived_imagenetc_features_test\\features_pixelate_3_test.npy",
  "severity": 3,
  "split": "test",
  "std": {
    "band_high": 0.01117717009037733,
    "band_low": 0.029264185577630997,
    "band_mid": 0.018453877419233322,
    "comm_band_high": 0.09478837996721268,
    "comm_band_low": 0.11173100024461746,
    "comm_band_mid": 0.06952271610498428,
    "dncnn_entropy": 0.14969520270824432,
    "dncnn_margin": 0.20548763871192932,
    "dncnn_top1_prob": 0.1917322427034378,
    "hfer_dncnn_residual": 0.07467389851808548,
    "hfer_input": 0.016282880678772926,
    "hfer_jpeg20_residual": 0.1077881008386612,
    "identity_entropy": 0.149913027882576,
    "identity_margin": 0.205880805850029,
    "identity_top1_prob": 0.19219930469989777,
    "jpeg20_entropy": 0.14805959165096283,
    "jpeg20_margin": 0.20938608050346375,
    "jpeg20_top1_prob": 0.19161736965179443,
    "m_comm": 0.001844851765781641
  }
}