{
  "corruption": "pixelate",
  "feature_names": [
    "hfer_input",
    "m_comm",
    "band_low",
    "band_mid",
    "band_high",
    "comm_band_low",
    "comm_band_mid",
    "comm_band_high",
    "hfer_jpeg20_residual",
    "hfer_dncnn_residual",
    "identity_top1_prob",
    "identity_margin",
    "identity_entropy",
    "dncnn_top1_prob",
    "dncnn_margin",
    "dncnn_entropy",
    "jpeg20_top1_prob",
    "jpeg20_margin",
    "jpeg20_entropy"
  ],
  "image_index_max": 16999,
  "image_index_min": 7000,
  "mean": {
    "band_high": 0.02095218189060688,
    "band_low": 0.9522501826286316,
    "band_mid": 0.02679635025560856,
    "comm_band_high": 0.19025617837905884,
    "comm_band_low": 0.48256346583366394,
    "comm_band_mid": 0.3271799385547638,
    "dncnn_entropy": 0.6844769716262817,
    "dncnn_margin": 0.23647111654281616,
    "dncnn_top1_prob": 0.2986133098602295,
    "hfer_dncnn_residual": 0.3876878321170807,
    "hfer_input": 0.026241278275847435,
    "hfer_jpeg20_residual": 0.5276205539703369,
    "identity_entropy": 0.6859649419784546,
    "identity_margin": 0.23349538445472717,
    "identity_top1_prob": 0.29576215147972107,
    "jpeg20_entropy": 0.6665942668914795,
    "jpeg20_margin": 0.2599979639053345,
    "jpeg20_top1_prob": 0.3231869339942932,
    "m_comm": 0.005618656519800425
  },
  "n_rows": 10000,
  "npy": "github_package\\data\\derived_imagenetc_features_test\\features_pixelate_2_test.npy",
  "severity": 2,
  "split": "test",
  "std": {
    "band_high": 0.013776740059256554,
    "band_low": 0.034940529614686966,
    "band_mid": 0.0215468667447567,
    "comm_band_high": 0.09027253091335297,
    "comm_band_low": 0.11111892014741898,
    "comm_band_mid": 0.07193128019571304,
    "dncnn_entropy": 0.1500944346189499,
    "dncnn_margin": 0.21056796610355377,
    "dncnn_top1_prob": 0.19243480265140533,
    "hfer_dncnn_residual": 0.07524580508470535,
    "hfer_input": 0.018019335344433784,
    "hfer_jpeg20_residual": 0.11893829703330994,
    "identity_entropy": 0.1508909910917282,
    "identity_margin": 0.2106993943452835,
    "identity_top1_prob": 0.19312703609466553,
    "jpeg20_entropy": 0.15007174015045166,
    "jpeg20_margin": 0.2152266651391983,
    "jpeg20_top1_prob": 0.19323109090328217,
    "m_comm": 0.0019424032652750611
  }
}